"filename", "language", "Java Properties", "XML", "MS SQL", "YAML", "PlantUML", "Java", "Properties", "JSON", "java", "comment", "blank", "total"
"/home/khumbucyber/_projects/food-ordering-system/common/common-application/pom.xml", "XML", 0, 22, 0, 0, 0, 0, 0, 0, 0, 6, 4, 32
"/home/khumbucyber/_projects/food-ordering-system/common/common-application/target/maven-archiver/pom.properties", "Java Properties", 3, 0, 0, 0, 0, 0, 0, 0, 0, 0, 1, 4
"/home/khumbucyber/_projects/food-ordering-system/common/common-domain/pom.xml", "XML", 0, 18, 0, 0, 0, 0, 0, 0, 0, 0, 3, 21
"/home/khumbucyber/_projects/food-ordering-system/common/pom.xml", "XML", 0, 23, 0, 0, 0, 0, 0, 0, 0, 0, 3, 26
"/home/khumbucyber/_projects/food-ordering-system/customer-service/pom.xml", "XML", 0, 47, 0, 0, 0, 0, 0, 0, 0, 6, 4, 57
"/home/khumbucyber/_projects/food-ordering-system/customer-service/src/main/java/com/food/ordering/system/customer/service/CustomerServiceApplication.java", "Java", 0, 0, 0, 0, 0, 9, 0, 0, 0, 0, 3, 12
"/home/khumbucyber/_projects/food-ordering-system/customer-service/src/main/resources/application.yml", "YAML", 0, 0, 0, 19, 0, 0, 0, 0, 0, 4, 2, 25
"/home/khumbucyber/_projects/food-ordering-system/customer-service/src/main/resources/init-data.sql", "MS SQL", 0, 0, 4, 0, 0, 0, 0, 0, 0, 1, 1, 6
"/home/khumbucyber/_projects/food-ordering-system/customer-service/src/main/resources/init-schema.sql", "MS SQL", 0, 0, 38, 0, 0, 0, 0, 0, 0, 0, 10, 48
"/home/khumbucyber/_projects/food-ordering-system/customer-service/target/classes/application.yml", "YAML", 0, 0, 0, 19, 0, 0, 0, 0, 0, 4, 2, 25
"/home/khumbucyber/_projects/food-ordering-system/customer-service/target/classes/com/food/ordering/system/customer/service/CustomerServiceApplication.class", "Java", 0, 0, 0, 0, 0, 9, 0, 0, 0, 0, 0, 9
"/home/khumbucyber/_projects/food-ordering-system/customer-service/target/classes/init-data.sql", "MS SQL", 0, 0, 4, 0, 0, 0, 0, 0, 0, 1, 1, 6
"/home/khumbucyber/_projects/food-ordering-system/customer-service/target/classes/init-schema.sql", "MS SQL", 0, 0, 38, 0, 0, 0, 0, 0, 0, 0, 10, 48
"/home/khumbucyber/_projects/food-ordering-system/infrastructure/docker-compose/.env", "Properties", 0, 0, 0, 0, 0, 0, 3, 0, 0, 0, 0, 3
"/home/khumbucyber/_projects/food-ordering-system/infrastructure/docker-compose/common.yaml", "YAML", 0, 0, 0, 4, 0, 0, 0, 0, 0, 0, 1, 5
"/home/khumbucyber/_projects/food-ordering-system/infrastructure/docker-compose/init_kafka.yaml", "YAML", 0, 0, 0, 25, 0, 0, 0, 0, 0, 1, 4, 30
"/home/khumbucyber/_projects/food-ordering-system/infrastructure/docker-compose/kafka_cluster.yaml", "YAML", 0, 0, 0, 79, 0, 0, 0, 0, 0, 0, 0, 79
"/home/khumbucyber/_projects/food-ordering-system/infrastructure/docker-compose/pgadminpostgre/postgres.yaml", "YAML", 0, 0, 0, 25, 0, 0, 0, 0, 0, 0, 2, 27
"/home/khumbucyber/_projects/food-ordering-system/infrastructure/docker-compose/zookeeper.yaml", "YAML", 0, 0, 0, 21, 0, 0, 0, 0, 0, 4, 1, 26
"/home/khumbucyber/_projects/food-ordering-system/infrastructure/kafka/kafka-config-data/pom.xml", "XML", 0, 22, 0, 0, 0, 0, 0, 0, 0, 8, 4, 34
"/home/khumbucyber/_projects/food-ordering-system/infrastructure/kafka/kafka-config-data/src/main/java/com/food/ordering/system/kafka/config/data/KafkaConfigData.java", "Java", 0, 0, 0, 0, 0, 8, 0, 0, 0, 9, 1, 18
"/home/khumbucyber/_projects/food-ordering-system/infrastructure/kafka/kafka-config-data/src/main/java/com/food/ordering/system/kafka/config/data/KafkaConsumerConfigData.java", "Java", 0, 0, 0, 0, 0, 18, 0, 0, 0, 0, 1, 19
"/home/khumbucyber/_projects/food-ordering-system/infrastructure/kafka/kafka-config-data/src/main/java/com/food/ordering/system/kafka/config/data/KafkaProducerConfigData.java", "Java", 0, 0, 0, 0, 0, 12, 0, 0, 0, 19, 2, 33
"/home/khumbucyber/_projects/food-ordering-system/infrastructure/kafka/kafka-config-data/target/classes/com/food/ordering/system/kafka/config/data/KafkaConfigData.class", "Java", 0, 0, 0, 0, 0, 2, 0, 0, 0, 0, 0, 2
"/home/khumbucyber/_projects/food-ordering-system/infrastructure/kafka/kafka-config-data/target/classes/com/food/ordering/system/kafka/config/data/KafkaConsumerConfigData.class", "Java", 0, 0, 0, 0, 0, 1, 0, 0, 0, 0, 0, 1
"/home/khumbucyber/_projects/food-ordering-system/infrastructure/kafka/kafka-config-data/target/maven-archiver/pom.properties", "Java Properties", 3, 0, 0, 0, 0, 0, 0, 0, 0, 0, 1, 4
"/home/khumbucyber/_projects/food-ordering-system/infrastructure/kafka/kafka-consumer/pom.xml", "XML", 0, 26, 0, 0, 0, 0, 0, 0, 0, 6, 5, 37
"/home/khumbucyber/_projects/food-ordering-system/infrastructure/kafka/kafka-consumer/src/main/java/com/food/ordering/system/kafka/consumer/KafkaConsumer.java", "Java", 0, 0, 0, 0, 0, 0, 0, 0, 0, 0, -1, -1
"/home/khumbucyber/_projects/food-ordering-system/infrastructure/kafka/kafka-consumer/target/maven-archiver/pom.properties", "Java Properties", 3, 0, 0, 0, 0, 0, 0, 0, 0, 0, 1, 4
"/home/khumbucyber/_projects/food-ordering-system/infrastructure/kafka/kafka-model/pom.xml", "XML", 0, 43, 0, 0, 0, 0, 0, 0, 0, 6, 5, 54
"/home/khumbucyber/_projects/food-ordering-system/infrastructure/kafka/kafka-model/src/main/java/com/food/ordering/system/kafka/order/avro/model/OrderApprovalStatus.java", "Java", 0, 0, 0, 0, 0, -5, 0, 0, 0, 5, 0, 0
"/home/khumbucyber/_projects/food-ordering-system/infrastructure/kafka/kafka-model/src/main/java/com/food/ordering/system/kafka/order/avro/model/PaymentOrderStatus.java", "Java", 0, 0, 0, 0, 0, -5, 0, 0, 0, 5, 0, 0
"/home/khumbucyber/_projects/food-ordering-system/infrastructure/kafka/kafka-model/src/main/java/com/food/ordering/system/kafka/order/avro/model/PaymentRequestAvroModel.java", "Java", 0, 0, 0, 0, 0, -245, 0, 0, 0, 245, 0, 0
"/home/khumbucyber/_projects/food-ordering-system/infrastructure/kafka/kafka-model/src/main/java/com/food/ordering/system/kafka/order/avro/model/PaymentResponseAvroModel.java", "Java", 0, 0, 0, 0, 0, -297, 0, 0, 0, 297, 0, 0
"/home/khumbucyber/_projects/food-ordering-system/infrastructure/kafka/kafka-model/src/main/java/com/food/ordering/system/kafka/order/avro/model/PaymentStatus.java", "Java", 0, 0, 0, 0, 0, -5, 0, 0, 0, 5, 0, 0
"/home/khumbucyber/_projects/food-ordering-system/infrastructure/kafka/kafka-model/src/main/java/com/food/ordering/system/kafka/order/avro/model/Product.java", "Java", 0, 0, 0, 0, 0, -115, 0, 0, 0, 115, 0, 0
"/home/khumbucyber/_projects/food-ordering-system/infrastructure/kafka/kafka-model/src/main/java/com/food/ordering/system/kafka/order/avro/model/RestaurantApprovalRequestAvroModel.java", "Java", 0, 0, 0, 0, 0, -271, 0, 0, 0, 271, 0, 0
"/home/khumbucyber/_projects/food-ordering-system/infrastructure/kafka/kafka-model/src/main/java/com/food/ordering/system/kafka/order/avro/model/RestaurantApprovalResponseAvroModel.java", "Java", 0, 0, 0, 0, 0, -245, 0, 0, 0, 245, 0, 0
"/home/khumbucyber/_projects/food-ordering-system/infrastructure/kafka/kafka-model/src/main/java/com/food/ordering/system/kafka/order/avro/model/RestaurantOrderStatus.java", "Java", 0, 0, 0, 0, 0, -5, 0, 0, 0, 5, 0, 0
"/home/khumbucyber/_projects/food-ordering-system/infrastructure/kafka/kafka-producer/pom.xml", "XML", 0, 38, 0, 0, 0, 0, 0, 0, 0, 6, 4, 48
"/home/khumbucyber/_projects/food-ordering-system/infrastructure/kafka/kafka-producer/src/main/java/com/food/ordering/system/kafka/producer/KafkaProducerConfig.java", "Java", 0, 0, 0, 0, 0, 0, 0, 0, 0, 4, 0, 4
"/home/khumbucyber/_projects/food-ordering-system/infrastructure/kafka/kafka-producer/target/maven-archiver/pom.properties", "Java Properties", 3, 0, 0, 0, 0, 0, 0, 0, 0, 0, 1, 4
"/home/khumbucyber/_projects/food-ordering-system/infrastructure/kafka/pom.xml", "XML", 0, 68, 0, 0, 0, 0, 0, 0, 0, 0, 5, 73
"/home/khumbucyber/_projects/food-ordering-system/infrastructure/pom.xml", "XML", 0, 22, 0, 0, 0, 0, 0, 0, 0, 0, 3, 25
"/home/khumbucyber/_projects/food-ordering-system/order-service/order-application/pom.xml", "XML", 0, 34, 0, 0, 0, 0, 0, 0, 0, 1, 4, 39
"/home/khumbucyber/_projects/food-ordering-system/order-service/order-application/src/main/java/com/food/ordering/system/order/service/application/rest/OrderController.java", "Java", 0, 0, 0, 0, 0, 4, 0, 0, 0, 0, 0, 4
"/home/khumbucyber/_projects/food-ordering-system/order-service/order-application/target/classes/com/food/ordering/system/order/service/application/rest/OrderController.class", "Java", 0, 0, 0, 0, 0, 1, 0, 0, 0, 0, 0, 1
"/home/khumbucyber/_projects/food-ordering-system/order-service/order-container/pom.xml", "XML", 0, 63, 0, 0, 0, 0, 0, 0, 0, 0, 4, 67
"/home/khumbucyber/_projects/food-ordering-system/order-service/order-container/src/main/java/com/food/ordering/system/Main.java", "java", 0, 0, 0, 0, 0, 0, 0, 0, -6, 0, -1, -7
"/home/khumbucyber/_projects/food-ordering-system/order-service/order-container/src/main/java/com/food/ordering/system/order/service/domain/BeanConfigration.java", "Java", 0, 0, 0, 0, 0, 10, 0, 0, 0, 3, 4, 17
"/home/khumbucyber/_projects/food-ordering-system/order-service/order-container/src/main/java/com/food/ordering/system/order/service/domain/OrderServiceApplication.java", "Java", 0, 0, 0, 0, 0, 13, 0, 0, 0, 3, 3, 19
"/home/khumbucyber/_projects/food-ordering-system/order-service/order-container/src/main/resources/application.yml", "YAML", 0, 0, 0, 60, 0, 0, 0, 0, 0, 6, 8, 74
"/home/khumbucyber/_projects/food-ordering-system/order-service/order-container/src/main/resources/init-schema.sql", "MS SQL", 0, 0, 50, 0, 0, 0, 0, 0, 0, 2, 12, 64
"/home/khumbucyber/_projects/food-ordering-system/order-service/order-container/target/classes/application.yml", "YAML", 0, 0, 0, 60, 0, 0, 0, 0, 0, 6, 8, 74
"/home/khumbucyber/_projects/food-ordering-system/order-service/order-container/target/classes/com/food/ordering/system/Main.class", "java", 0, 0, 0, 0, 0, 0, 0, 0, -8, 0, 0, -8
"/home/khumbucyber/_projects/food-ordering-system/order-service/order-container/target/classes/com/food/ordering/system/order/service/domain/BeanConfigration.class", "Java", 0, 0, 0, 0, 0, 8, 0, 0, 0, 0, 0, 8
"/home/khumbucyber/_projects/food-ordering-system/order-service/order-container/target/classes/com/food/ordering/system/order/service/domain/OrderServiceApplication.class", "Java", 0, 0, 0, 0, 0, 8, 0, 0, 0, 0, 0, 8
"/home/khumbucyber/_projects/food-ordering-system/order-service/order-container/target/classes/init-schema.sql", "MS SQL", 0, 0, 50, 0, 0, 0, 0, 0, 0, 2, 12, 64
"/home/khumbucyber/_projects/food-ordering-system/order-service/order-dataaccess/pom.xml", "XML", 0, 30, 0, 0, 0, 0, 0, 0, 0, 0, 3, 33
"/home/khumbucyber/_projects/food-ordering-system/order-service/order-dataaccess/src/main/java/com/food/ordering/system/order/service/dataaccess/customer/entity/CustomerEntity.java", "Java", 0, 0, 0, 0, 0, 0, 0, 0, 0, 4, 1, 5
"/home/khumbucyber/_projects/food-ordering-system/order-service/order-dataaccess/src/main/java/com/food/ordering/system/order/service/dataaccess/order/adapter/OrderRepositoryImpl.java", "Java", 0, 0, 0, 0, 0, 0, 0, 0, 0, 6, 1, 7
"/home/khumbucyber/_projects/food-ordering-system/order-service/order-dataaccess/src/main/java/com/food/ordering/system/order/service/dataaccess/order/entity/OrderEntity.java", "Java", 0, 0, 0, 0, 0, 0, 0, 0, 0, 1, 0, 1
"/home/khumbucyber/_projects/food-ordering-system/order-service/order-dataaccess/src/main/java/com/food/ordering/system/order/service/dataaccess/order/entity/OrderItemEntity.java", "Java", 0, 0, 0, 0, 0, 0, 0, 0, 0, 2, 1, 3
"/home/khumbucyber/_projects/food-ordering-system/order-service/order-dataaccess/src/main/java/com/food/ordering/system/order/service/dataaccess/order/entity/OrderItemEntityId.java", "Java", 0, 0, 0, 0, 0, 0, 0, 0, 0, 7, 1, 8
"/home/khumbucyber/_projects/food-ordering-system/order-service/order-dataaccess/src/main/java/com/food/ordering/system/order/service/dataaccess/restaurant/adapter/RestaurantRepositoryImpl.java", "Java", 0, 0, 0, 0, 0, 29, 0, 0, 0, 4, 6, 39
"/home/khumbucyber/_projects/food-ordering-system/order-service/order-dataaccess/src/main/java/com/food/ordering/system/order/service/dataaccess/restaurant/entity/RestaurantEntityId.java", "Java", 0, 0, 0, 0, 0, 0, 0, 0, 0, 2, 0, 2
"/home/khumbucyber/_projects/food-ordering-system/order-service/order-dataaccess/src/main/java/com/food/ordering/system/order/service/dataaccess/restaurant/mapper/RestaurantDataAccessMapper.java", "Java", 0, 0, 0, 0, 0, 2, 0, 0, 0, 1, 1, 4
"/home/khumbucyber/_projects/food-ordering-system/order-service/order-dataaccess/target/classes/com/food/ordering/system/order/service/dataaccess/order/entity/OrderItemEntityId$OrderItemEntityIdBuilder.class", "Java", 0, 0, 0, 0, 0, -5, 0, 0, 0, 0, 0, -5
"/home/khumbucyber/_projects/food-ordering-system/order-service/order-dataaccess/target/classes/com/food/ordering/system/order/service/dataaccess/order/entity/OrderItemEntityId.class", "Java", 0, 0, 0, 0, 0, -1, 0, 0, 0, 0, 0, -1
"/home/khumbucyber/_projects/food-ordering-system/order-service/order-dataaccess/target/classes/com/food/ordering/system/order/service/dataaccess/restaurant/adapter/RestaurantRepositoryImpl.class", "Java", 0, 0, 0, 0, 0, 18, 0, 0, 0, 0, 0, 18
"/home/khumbucyber/_projects/food-ordering-system/order-service/order-dataaccess/target/classes/com/food/ordering/system/order/service/dataaccess/restaurant/entity/RestaurantEntityId.class", "Java", 0, 0, 0, 0, 0, -2, 0, 0, 0, 0, 0, -2
"/home/khumbucyber/_projects/food-ordering-system/order-service/order-domain/order-application-service/pom.xml", "XML", 0, 44, 0, 0, 0, 0, 0, 0, 0, 0, 5, 49
"/home/khumbucyber/_projects/food-ordering-system/order-service/order-domain/order-application-service/src/test/java/com/food/ordering/system/order/service/domain/OrderApplicationServiceTest.java", "Java", 0, 0, 0, 0, 0, -7, 0, 0, 0, 7, 0, 0
"/home/khumbucyber/_projects/food-ordering-system/order-service/order-domain/order-application-service/target/classes/com/food/ordering/system/order/service/domain/OrderCreateHelper.class", "Java", 0, 0, 0, 0, 0, -1, 0, 0, 0, 1, 0, 0
"/home/khumbucyber/_projects/food-ordering-system/order-service/order-domain/order-application-service/target/classes/com/food/ordering/system/order/service/domain/config/OrderServiceConfigData.class", "Java", 0, 0, 0, 0, 0, -2, 0, 0, 0, 2, 0, 0
"/home/khumbucyber/_projects/food-ordering-system/order-service/order-domain/order-application-service/target/classes/com/food/ordering/system/order/service/domain/dto/message/PaymentResponse.class", "Java", 0, 0, 0, 0, 0, -6, 0, 0, 0, 6, 0, 0
"/home/khumbucyber/_projects/food-ordering-system/order-service/order-domain/order-application-service/target/classes/com/food/ordering/system/order/service/domain/dto/message/RestaurantApprovalResponse$RestaurantApprovalResponseBuilder.class", "Java", 0, 0, 0, 0, 0, -3, 0, 0, 0, 3, 0, 0
"/home/khumbucyber/_projects/food-ordering-system/order-service/order-domain/order-application-service/target/surefire-reports/TEST-com.food.ordering.system.order.service.domain.OrderApplicationServiceTest.xml", "XML", 0, 57, 0, 0, 0, 0, 0, 0, 0, 0, 0, 57
"/home/khumbucyber/_projects/food-ordering-system/order-service/order-domain/order-application-service/target/test-classes/com/food/ordering/system/order/service/domain/OrderApplicationServiceTest.class", "Java", 0, 0, 0, 0, 0, -2, 0, 0, 0, 1, 0, -1
"/home/khumbucyber/_projects/food-ordering-system/order-service/order-domain/order-domain-core/pom.xml", "XML", 0, 22, 0, 0, 0, 0, 0, 0, 0, 0, 3, 25
"/home/khumbucyber/_projects/food-ordering-system/order-service/order-domain/pom.xml", "XML", 0, 21, 0, 0, 0, 0, 0, 0, 0, 0, 4, 25
"/home/khumbucyber/_projects/food-ordering-system/order-service/order-domain/uml/OrderDomainClass.pu", "PlantUML", 0, 0, 0, 0, 9, 0, 0, 0, 0, 0, 5, 14
"/home/khumbucyber/_projects/food-ordering-system/order-service/order-messaging/pom.xml", "XML", 0, 33, 0, 0, 0, 0, 0, 0, 0, 1, 4, 38
"/home/khumbucyber/_projects/food-ordering-system/order-service/order-messaging/src/main/java/com/food/ordering/system/order/service/messaging/listner/PublisherSequenceDiagram.pu", "PlantUML", 0, 0, 0, 0, 7, 0, 0, 0, 0, 0, 2, 9
"/home/khumbucyber/_projects/food-ordering-system/order-service/order-messaging/src/main/java/com/food/ordering/system/order/service/messaging/listner/kafka/PaymentResponseKafkaListner.java", "Java", 0, 0, 0, 0, 0, 50, 0, 0, 0, 2, 11, 63
"/home/khumbucyber/_projects/food-ordering-system/order-service/order-messaging/src/main/java/com/food/ordering/system/order/service/messaging/listner/kafka/RestaurantApprovalResponseKafkaListner.java", "Java", 0, 0, 0, 0, 0, 46, 0, 0, 0, 3, 10, 59
"/home/khumbucyber/_projects/food-ordering-system/order-service/order-messaging/src/main/java/com/food/ordering/system/order/service/messaging/mapper/OrderMessagingDataMapper.java", "Java", 0, 0, 0, 0, 0, 56, 0, 0, 0, 17, 2, 75
"/home/khumbucyber/_projects/food-ordering-system/order-service/order-messaging/src/main/java/com/food/ordering/system/order/service/messaging/publisher/kafka/CancelOrderKafkaMessagePublisher.java", "Java", 0, 0, 0, 0, 0, 51, 0, 0, 0, 0, 12, 63
"/home/khumbucyber/_projects/food-ordering-system/order-service/order-messaging/src/main/java/com/food/ordering/system/order/service/messaging/publisher/kafka/CreateOrderKafkaMessagePublisher.java", "Java", 0, 0, 0, 0, 0, 51, 0, 0, 0, 0, 11, 62
"/home/khumbucyber/_projects/food-ordering-system/order-service/order-messaging/src/main/java/com/food/ordering/system/order/service/messaging/publisher/kafka/OrderKafkaMessageHelper.java", "Java", 0, 0, 0, 0, 0, 32, 0, 0, 0, 0, 7, 39
"/home/khumbucyber/_projects/food-ordering-system/order-service/order-messaging/src/main/java/com/food/ordering/system/order/service/messaging/publisher/kafka/PayOrderKafkaMessagePublisher.java", "Java", 0, 0, 0, 0, 0, 51, 0, 0, 0, 8, 9, 68
"/home/khumbucyber/_projects/food-ordering-system/order-service/order-messaging/target/classes/com/food/ordering/system/order/service/messaging/listner/PublisherSequenceDiagram.pu", "PlantUML", 0, 0, 0, 0, 7, 0, 0, 0, 0, 0, 2, 9
"/home/khumbucyber/_projects/food-ordering-system/order-service/order-messaging/target/classes/com/food/ordering/system/order/service/messaging/listner/kafka/PaymentResponseKafkaListner.class", "Java", 0, 0, 0, 0, 0, 22, 0, 0, 0, 0, 0, 22
"/home/khumbucyber/_projects/food-ordering-system/order-service/order-messaging/target/classes/com/food/ordering/system/order/service/messaging/listner/kafka/RestaurantApprovalResponseKafkaListner.class", "Java", 0, 0, 0, 0, 0, 23, 0, 0, 0, 0, 0, 23
"/home/khumbucyber/_projects/food-ordering-system/order-service/order-messaging/target/classes/com/food/ordering/system/order/service/messaging/mapper/OrderMessagingDataMapper.class", "Java", 0, 0, 0, 0, 0, 84, 0, 0, 0, 0, 0, 84
"/home/khumbucyber/_projects/food-ordering-system/order-service/order-messaging/target/classes/com/food/ordering/system/order/service/messaging/publisher/kafka/CancelOrderKafkaMessagePublisher.class", "Java", 0, 0, 0, 0, 0, 23, 0, 0, 0, 0, 0, 23
"/home/khumbucyber/_projects/food-ordering-system/order-service/order-messaging/target/classes/com/food/ordering/system/order/service/messaging/publisher/kafka/CreateOrderKafkaMessagePublisher.class", "Java", 0, 0, 0, 0, 0, 23, 0, 0, 0, 0, 0, 23
"/home/khumbucyber/_projects/food-ordering-system/order-service/order-messaging/target/classes/com/food/ordering/system/order/service/messaging/publisher/kafka/OrderKafkaMessageHelper$1.class", "Java", 0, 0, 0, 0, 0, 21, 0, 0, 0, 0, 1, 22
"/home/khumbucyber/_projects/food-ordering-system/order-service/order-messaging/target/classes/com/food/ordering/system/order/service/messaging/publisher/kafka/OrderKafkaMessageHelper.class", "Java", 0, 0, 0, 0, 0, 11, 0, 0, 0, 0, 0, 11
"/home/khumbucyber/_projects/food-ordering-system/order-service/order-messaging/target/classes/com/food/ordering/system/order/service/messaging/publisher/kafka/PayOrderKafkaMessagePublisher.class", "Java", 0, 0, 0, 0, 0, 23, 0, 0, 0, 0, 0, 23
"/home/khumbucyber/_projects/food-ordering-system/order-service/order-messaging/uml/InterfaceImplementSample.pu", "PlantUML", 0, 0, 0, 0, 5, 0, 0, 0, 0, 0, 0, 5
"/home/khumbucyber/_projects/food-ordering-system/order-service/order-messaging/uml/ListnerSequence.pu", "PlantUML", 0, 0, 0, 0, 8, 0, 0, 0, 0, 0, 3, 11
"/home/khumbucyber/_projects/food-ordering-system/order-service/order-messaging/uml/PublisherClass.pu", "PlantUML", 0, 0, 0, 0, 20, 0, 0, 0, 0, 0, 10, 30
"/home/khumbucyber/_projects/food-ordering-system/order-service/order-messaging/uml/PublisherSequence.pu", "PlantUML", 0, 0, 0, 0, 7, 0, 0, 0, 0, 0, 2, 9
"/home/khumbucyber/_projects/food-ordering-system/order-service/pom.xml", "XML", 0, 26, 0, 0, 0, 0, 0, 0, 0, 0, 3, 29
"/home/khumbucyber/_projects/food-ordering-system/pom.xml", "XML", 0, 117, 0, 0, 0, 0, 0, 0, 0, 0, 7, 124
"/home/khumbucyber/_projects/food-ordering-system/request/order.json", "JSON", 0, 0, 0, 0, 0, 0, 0, 24, 0, 0, 1, 25
"Total", "-", 12, 776, 184, 312, 63, -503, 3, 24, -14, 1379, 266, 2502