"filename", "language", "Java", "Java Properties", "XML", "MS SQL", "PlantUML", "YAML", "Avro avsc", "Properties", "JSON", "comment", "blank", "total"
"/home/khumbucyber/_projects/food-ordering-system/PlantUMLGenerator.puml", "PlantUML", 0, 0, 0, 0, 1, 0, 0, 0, 0, 0, 1, 2
"/home/khumbucyber/_projects/food-ordering-system/common/common-application/pom.xml", "XML", 0, 0, 22, 0, 0, 0, 0, 0, 0, 6, 4, 32
"/home/khumbucyber/_projects/food-ordering-system/common/common-application/src/main/java/com/food/ordering/system/Main.java", "Java", 6, 0, 0, 0, 0, 0, 0, 0, 0, 0, 1, 7
"/home/khumbucyber/_projects/food-ordering-system/common/common-application/src/main/java/com/food/ordering/system/applcation/handler/ErrorDTO.java", "Java", 11, 0, 0, 0, 0, 0, 0, 0, 0, 0, 4, 15
"/home/khumbucyber/_projects/food-ordering-system/common/common-application/src/main/java/com/food/ordering/system/applcation/handler/GlobalExceptionHandler.java", "Java", 53, 0, 0, 0, 0, 0, 0, 0, 0, 0, 9, 62
"/home/khumbucyber/_projects/food-ordering-system/common/common-application/target/classes/com/food/ordering/system/Main.class", "Java", 8, 0, 0, 0, 0, 0, 0, 0, 0, 0, 0, 8
"/home/khumbucyber/_projects/food-ordering-system/common/common-application/target/classes/com/food/ordering/system/applcation/handler/ErrorDTO$ErrorDTOBuilder.class", "Java", 10, 0, 0, 0, 0, 0, 0, 0, 0, 0, 0, 10
"/home/khumbucyber/_projects/food-ordering-system/common/common-application/target/classes/com/food/ordering/system/applcation/handler/ErrorDTO.class", "Java", 28, 0, 0, 0, 0, 0, 0, 0, 0, 0, 1, 29
"/home/khumbucyber/_projects/food-ordering-system/common/common-application/target/classes/com/food/ordering/system/applcation/handler/GlobalExceptionHandler.class", "Java", 24, 0, 0, 0, 0, 0, 0, 0, 0, 0, 0, 24
"/home/khumbucyber/_projects/food-ordering-system/common/common-application/target/maven-archiver/pom.properties", "Java Properties", 0, 3, 0, 0, 0, 0, 0, 0, 0, 0, 1, 4
"/home/khumbucyber/_projects/food-ordering-system/common/common-domain/pom.xml", "XML", 0, 0, 18, 0, 0, 0, 0, 0, 0, 0, 3, 21
"/home/khumbucyber/_projects/food-ordering-system/common/common-domain/src/main/java/com/food/ordering/system/domain/ValueObject/BaseId.java", "Java", 33, 0, 0, 0, 0, 0, 0, 0, 0, 0, 8, 41
"/home/khumbucyber/_projects/food-ordering-system/common/common-domain/src/main/java/com/food/ordering/system/domain/ValueObject/CustomerId.java", "Java", 7, 0, 0, 0, 0, 0, 0, 0, 0, 0, 3, 10
"/home/khumbucyber/_projects/food-ordering-system/common/common-domain/src/main/java/com/food/ordering/system/domain/ValueObject/Money.java", "Java", 54, 0, 0, 0, 0, 0, 0, 0, 0, 4, 13, 71
"/home/khumbucyber/_projects/food-ordering-system/common/common-domain/src/main/java/com/food/ordering/system/domain/ValueObject/OrderApprovalStatus.java", "Java", 4, 0, 0, 0, 0, 0, 0, 0, 0, 0, 2, 6
"/home/khumbucyber/_projects/food-ordering-system/common/common-domain/src/main/java/com/food/ordering/system/domain/ValueObject/OrderId.java", "Java", 7, 0, 0, 0, 0, 0, 0, 0, 0, 0, 3, 10
"/home/khumbucyber/_projects/food-ordering-system/common/common-domain/src/main/java/com/food/ordering/system/domain/ValueObject/OrderStatus.java", "Java", 4, 0, 0, 0, 0, 0, 0, 0, 0, 0, 2, 6
"/home/khumbucyber/_projects/food-ordering-system/common/common-domain/src/main/java/com/food/ordering/system/domain/ValueObject/PaymentStatus.java", "Java", 4, 0, 0, 0, 0, 0, 0, 0, 0, 0, 2, 6
"/home/khumbucyber/_projects/food-ordering-system/common/common-domain/src/main/java/com/food/ordering/system/domain/ValueObject/ProductId.java", "Java", 7, 0, 0, 0, 0, 0, 0, 0, 0, 0, 3, 10
"/home/khumbucyber/_projects/food-ordering-system/common/common-domain/src/main/java/com/food/ordering/system/domain/ValueObject/RestaurantId.java", "Java", 7, 0, 0, 0, 0, 0, 0, 0, 0, 0, 3, 10
"/home/khumbucyber/_projects/food-ordering-system/common/common-domain/src/main/java/com/food/ordering/system/domain/entity/AggregateRoot.java", "Java", 3, 0, 0, 0, 0, 0, 0, 0, 0, 0, 3, 6
"/home/khumbucyber/_projects/food-ordering-system/common/common-domain/src/main/java/com/food/ordering/system/domain/entity/BaseEntity.java", "Java", 33, 0, 0, 0, 0, 0, 0, 0, 0, 0, 6, 39
"/home/khumbucyber/_projects/food-ordering-system/common/common-domain/src/main/java/com/food/ordering/system/domain/event/DomainEvent.java", "Java", 3, 0, 0, 0, 0, 0, 0, 0, 0, 2, 2, 7
"/home/khumbucyber/_projects/food-ordering-system/common/common-domain/src/main/java/com/food/ordering/system/domain/event/publisher/DomainEventPublisher.java", "Java", 5, 0, 0, 0, 0, 0, 0, 0, 0, 0, 4, 9
"/home/khumbucyber/_projects/food-ordering-system/common/common-domain/src/main/java/com/food/ordering/system/domain/exception/DomainException.java", "Java", 9, 0, 0, 0, 0, 0, 0, 0, 0, 0, 2, 11
"/home/khumbucyber/_projects/food-ordering-system/common/common-domain/target/classes/com/food/ordering/system/domain/ValueObject/BaseId.class", "Java", 17, 0, 0, 0, 0, 0, 0, 0, 0, 0, 0, 17
"/home/khumbucyber/_projects/food-ordering-system/common/common-domain/target/classes/com/food/ordering/system/domain/ValueObject/CustomerId.class", "Java", 6, 0, 0, 0, 0, 0, 0, 0, 0, 0, 0, 6
"/home/khumbucyber/_projects/food-ordering-system/common/common-domain/target/classes/com/food/ordering/system/domain/ValueObject/Money.class", "Java", 38, 0, 0, 0, 0, 0, 0, 0, 0, 0, 0, 38
"/home/khumbucyber/_projects/food-ordering-system/common/common-domain/target/classes/com/food/ordering/system/domain/ValueObject/OrderApprovalStatus.class", "Java", 12, 0, 0, 0, 0, 0, 0, 0, 0, 0, 0, 12
"/home/khumbucyber/_projects/food-ordering-system/common/common-domain/target/classes/com/food/ordering/system/domain/ValueObject/OrderId.class", "Java", 6, 0, 0, 0, 0, 0, 0, 0, 0, 0, 0, 6
"/home/khumbucyber/_projects/food-ordering-system/common/common-domain/target/classes/com/food/ordering/system/domain/ValueObject/OrderStatus.class", "Java", 15, 0, 0, 0, 0, 0, 0, 0, 0, 0, 0, 15
"/home/khumbucyber/_projects/food-ordering-system/common/common-domain/target/classes/com/food/ordering/system/domain/ValueObject/PaymentStatus.class", "Java", 16, 0, 0, 0, 0, 0, 0, 0, 0, 0, 0, 16
"/home/khumbucyber/_projects/food-ordering-system/common/common-domain/target/classes/com/food/ordering/system/domain/ValueObject/ProductId.class", "Java", 6, 0, 0, 0, 0, 0, 0, 0, 0, 0, 0, 6
"/home/khumbucyber/_projects/food-ordering-system/common/common-domain/target/classes/com/food/ordering/system/domain/ValueObject/RestaurantId.class", "Java", 6, 0, 0, 0, 0, 0, 0, 0, 0, 0, 0, 6
"/home/khumbucyber/_projects/food-ordering-system/common/common-domain/target/classes/com/food/ordering/system/domain/entity/AggregateRoot.class", "Java", 5, 0, 0, 0, 0, 0, 0, 0, 0, 0, 0, 5
"/home/khumbucyber/_projects/food-ordering-system/common/common-domain/target/classes/com/food/ordering/system/domain/entity/BaseEntity.class", "Java", 14, 0, 0, 0, 0, 0, 0, 0, 0, 0, 0, 14
"/home/khumbucyber/_projects/food-ordering-system/common/common-domain/target/classes/com/food/ordering/system/domain/event/DomainEvent.class", "Java", 2, 0, 0, 0, 0, 0, 0, 0, 0, 0, 0, 2
"/home/khumbucyber/_projects/food-ordering-system/common/common-domain/target/classes/com/food/ordering/system/domain/event/publisher/DomainEventPublisher.class", "Java", 3, 0, 0, 0, 0, 0, 0, 0, 0, 0, 1, 4
"/home/khumbucyber/_projects/food-ordering-system/common/common-domain/target/classes/com/food/ordering/system/domain/exception/DomainException.class", "Java", 10, 0, 0, 0, 0, 0, 0, 0, 0, 0, 0, 10
"/home/khumbucyber/_projects/food-ordering-system/common/common-domain/target/maven-archiver/pom.properties", "Java Properties", 0, 3, 0, 0, 0, 0, 0, 0, 0, 0, 1, 4
"/home/khumbucyber/_projects/food-ordering-system/common/pom.xml", "XML", 0, 0, 23, 0, 0, 0, 0, 0, 0, 0, 3, 26
"/home/khumbucyber/_projects/food-ordering-system/customer-service/pom.xml", "XML", 0, 0, 47, 0, 0, 0, 0, 0, 0, 6, 4, 57
"/home/khumbucyber/_projects/food-ordering-system/customer-service/src/main/java/com/food/ordering/system/customer/service/CustomerServiceApplication.java", "Java", 9, 0, 0, 0, 0, 0, 0, 0, 0, 0, 3, 12
"/home/khumbucyber/_projects/food-ordering-system/customer-service/src/main/resources/application.yml", "YAML", 0, 0, 0, 0, 0, 19, 0, 0, 0, 4, 2, 25
"/home/khumbucyber/_projects/food-ordering-system/customer-service/src/main/resources/init-data.sql", "MS SQL", 0, 0, 0, 4, 0, 0, 0, 0, 0, 1, 1, 6
"/home/khumbucyber/_projects/food-ordering-system/customer-service/src/main/resources/init-schema.sql", "MS SQL", 0, 0, 0, 38, 0, 0, 0, 0, 0, 0, 10, 48
"/home/khumbucyber/_projects/food-ordering-system/customer-service/target/classes/application.yml", "YAML", 0, 0, 0, 0, 0, 19, 0, 0, 0, 4, 2, 25
"/home/khumbucyber/_projects/food-ordering-system/customer-service/target/classes/com/food/ordering/system/customer/service/CustomerServiceApplication.class", "Java", 9, 0, 0, 0, 0, 0, 0, 0, 0, 0, 0, 9
"/home/khumbucyber/_projects/food-ordering-system/customer-service/target/classes/init-data.sql", "MS SQL", 0, 0, 0, 4, 0, 0, 0, 0, 0, 1, 1, 6
"/home/khumbucyber/_projects/food-ordering-system/customer-service/target/classes/init-schema.sql", "MS SQL", 0, 0, 0, 38, 0, 0, 0, 0, 0, 0, 10, 48
"/home/khumbucyber/_projects/food-ordering-system/infrastructure/docker-compose/.env", "Properties", 0, 0, 0, 0, 0, 0, 0, 3, 0, 0, 0, 3
"/home/khumbucyber/_projects/food-ordering-system/infrastructure/docker-compose/common.yaml", "YAML", 0, 0, 0, 0, 0, 4, 0, 0, 0, 0, 1, 5
"/home/khumbucyber/_projects/food-ordering-system/infrastructure/docker-compose/init_kafka.yaml", "YAML", 0, 0, 0, 0, 0, 25, 0, 0, 0, 1, 4, 30
"/home/khumbucyber/_projects/food-ordering-system/infrastructure/docker-compose/kafka_cluster.yaml", "YAML", 0, 0, 0, 0, 0, 79, 0, 0, 0, 0, 0, 79
"/home/khumbucyber/_projects/food-ordering-system/infrastructure/docker-compose/pgadminpostgre/postgres.yaml", "YAML", 0, 0, 0, 0, 0, 25, 0, 0, 0, 0, 2, 27
"/home/khumbucyber/_projects/food-ordering-system/infrastructure/docker-compose/zookeeper.yaml", "YAML", 0, 0, 0, 0, 0, 21, 0, 0, 0, 4, 1, 26
"/home/khumbucyber/_projects/food-ordering-system/infrastructure/kafka/kafka-config-data/pom.xml", "XML", 0, 0, 22, 0, 0, 0, 0, 0, 0, 8, 4, 34
"/home/khumbucyber/_projects/food-ordering-system/infrastructure/kafka/kafka-config-data/src/main/java/com/food/ordering/system/Main.java", "Java", 6, 0, 0, 0, 0, 0, 0, 0, 0, 0, 1, 7
"/home/khumbucyber/_projects/food-ordering-system/infrastructure/kafka/kafka-config-data/src/main/java/com/food/ordering/system/kafka/config/data/KafkaConfigData.java", "Java", 22, 0, 0, 0, 0, 0, 0, 0, 0, 9, 5, 36
"/home/khumbucyber/_projects/food-ordering-system/infrastructure/kafka/kafka-config-data/src/main/java/com/food/ordering/system/kafka/config/data/KafkaConsumerConfigData.java", "Java", 42, 0, 0, 0, 0, 0, 0, 0, 0, 0, 5, 47
"/home/khumbucyber/_projects/food-ordering-system/infrastructure/kafka/kafka-config-data/src/main/java/com/food/ordering/system/kafka/config/data/KafkaProducerConfigData.java", "Java", 30, 0, 0, 0, 0, 0, 0, 0, 0, 19, 6, 55
"/home/khumbucyber/_projects/food-ordering-system/infrastructure/kafka/kafka-config-data/target/classes/com/food/ordering/system/Main.class", "Java", 8, 0, 0, 0, 0, 0, 0, 0, 0, 0, 0, 8
"/home/khumbucyber/_projects/food-ordering-system/infrastructure/kafka/kafka-config-data/target/classes/com/food/ordering/system/kafka/config/data/KafkaConfigData.class", "Java", 34, 0, 0, 0, 0, 0, 0, 0, 0, 0, 0, 34
"/home/khumbucyber/_projects/food-ordering-system/infrastructure/kafka/kafka-config-data/target/classes/com/food/ordering/system/kafka/config/data/KafkaConsumerConfigData.class", "Java", 71, 0, 0, 0, 0, 0, 0, 0, 0, 0, 0, 71
"/home/khumbucyber/_projects/food-ordering-system/infrastructure/kafka/kafka-config-data/target/classes/com/food/ordering/system/kafka/config/data/KafkaProducerConfigData.class", "Java", 56, 0, 0, 0, 0, 0, 0, 0, 0, 0, 0, 56
"/home/khumbucyber/_projects/food-ordering-system/infrastructure/kafka/kafka-config-data/target/maven-archiver/pom.properties", "Java Properties", 0, 3, 0, 0, 0, 0, 0, 0, 0, 0, 1, 4
"/home/khumbucyber/_projects/food-ordering-system/infrastructure/kafka/kafka-consumer/pom.xml", "XML", 0, 0, 26, 0, 0, 0, 0, 0, 0, 6, 5, 37
"/home/khumbucyber/_projects/food-ordering-system/infrastructure/kafka/kafka-consumer/src/main/java/com/food/ordering/system/kafka/consumer/KafkaConsumer.java", "Java", 6, 0, 0, 0, 0, 0, 0, 0, 0, 0, 3, 9
"/home/khumbucyber/_projects/food-ordering-system/infrastructure/kafka/kafka-consumer/src/main/java/com/food/ordering/system/kafka/consumer/config/KafkaConsumerConfig.java", "Java", 53, 0, 0, 0, 0, 0, 0, 0, 0, 0, 9, 62
"/home/khumbucyber/_projects/food-ordering-system/infrastructure/kafka/kafka-consumer/target/classes/com/food/ordering/system/kafka/consumer/KafkaConsumer.class", "Java", 5, 0, 0, 0, 0, 0, 0, 0, 0, 0, 0, 5
"/home/khumbucyber/_projects/food-ordering-system/infrastructure/kafka/kafka-consumer/target/classes/com/food/ordering/system/kafka/consumer/config/KafkaConsumerConfig.class", "Java", 39, 0, 0, 0, 0, 0, 0, 0, 0, 0, 0, 39
"/home/khumbucyber/_projects/food-ordering-system/infrastructure/kafka/kafka-consumer/target/maven-archiver/pom.properties", "Java Properties", 0, 3, 0, 0, 0, 0, 0, 0, 0, 0, 1, 4
"/home/khumbucyber/_projects/food-ordering-system/infrastructure/kafka/kafka-model/pom.xml", "XML", 0, 0, 43, 0, 0, 0, 0, 0, 0, 6, 5, 54
"/home/khumbucyber/_projects/food-ordering-system/infrastructure/kafka/kafka-model/src/main/java/com/food/ordering/system/kafka/order/avro/model/OrderApprovalStatus.java", "Java", 8, 0, 0, 0, 0, 0, 0, 0, 0, 5, 1, 14
"/home/khumbucyber/_projects/food-ordering-system/infrastructure/kafka/kafka-model/src/main/java/com/food/ordering/system/kafka/order/avro/model/PaymentOrderStatus.java", "Java", 8, 0, 0, 0, 0, 0, 0, 0, 0, 5, 1, 14
"/home/khumbucyber/_projects/food-ordering-system/infrastructure/kafka/kafka-model/src/main/java/com/food/ordering/system/kafka/order/avro/model/PaymentRequestAvroModel.java", "Java", 383, 0, 0, 0, 0, 0, 0, 0, 0, 247, 107, 737
"/home/khumbucyber/_projects/food-ordering-system/infrastructure/kafka/kafka-model/src/main/java/com/food/ordering/system/kafka/order/avro/model/PaymentResponseAvroModel.java", "Java", 459, 0, 0, 0, 0, 0, 0, 0, 0, 299, 125, 883
"/home/khumbucyber/_projects/food-ordering-system/infrastructure/kafka/kafka-model/src/main/java/com/food/ordering/system/kafka/order/avro/model/PaymentStatus.java", "Java", 8, 0, 0, 0, 0, 0, 0, 0, 0, 5, 1, 14
"/home/khumbucyber/_projects/food-ordering-system/infrastructure/kafka/kafka-model/src/main/java/com/food/ordering/system/kafka/order/avro/model/Product.java", "Java", 206, 0, 0, 0, 0, 0, 0, 0, 0, 117, 68, 391
"/home/khumbucyber/_projects/food-ordering-system/infrastructure/kafka/kafka-model/src/main/java/com/food/ordering/system/kafka/order/avro/model/RestaurantApprovalRequestAvroModel.java", "Java", 421, 0, 0, 0, 0, 0, 0, 0, 0, 273, 116, 810
"/home/khumbucyber/_projects/food-ordering-system/infrastructure/kafka/kafka-model/src/main/java/com/food/ordering/system/kafka/order/avro/model/RestaurantApprovalResponseAvroModel.java", "Java", 382, 0, 0, 0, 0, 0, 0, 0, 0, 247, 107, 736
"/home/khumbucyber/_projects/food-ordering-system/infrastructure/kafka/kafka-model/src/main/java/com/food/ordering/system/kafka/order/avro/model/RestaurantOrderStatus.java", "Java", 8, 0, 0, 0, 0, 0, 0, 0, 0, 5, 1, 14
"/home/khumbucyber/_projects/food-ordering-system/infrastructure/kafka/kafka-model/src/main/resources/avro/payment_request.avsc", "Avro avsc", 0, 0, 0, 0, 0, 0, 59, 0, 0, 0, 0, 59
"/home/khumbucyber/_projects/food-ordering-system/infrastructure/kafka/kafka-model/src/main/resources/avro/payment_response.avsc", "Avro avsc", 0, 0, 0, 0, 0, 0, 75, 0, 0, 0, 0, 75
"/home/khumbucyber/_projects/food-ordering-system/infrastructure/kafka/kafka-model/src/main/resources/avro/restaurant_approval_request.avsc", "Avro avsc", 0, 0, 0, 0, 0, 0, 73, 0, 0, 0, 0, 73
"/home/khumbucyber/_projects/food-ordering-system/infrastructure/kafka/kafka-model/src/main/resources/avro/restaurant_approval_response.avsc", "Avro avsc", 0, 0, 0, 0, 0, 0, 59, 0, 0, 0, 0, 59
"/home/khumbucyber/_projects/food-ordering-system/infrastructure/kafka/kafka-model/target/classes/avro/payment_request.avsc", "Avro avsc", 0, 0, 0, 0, 0, 0, 59, 0, 0, 0, 0, 59
"/home/khumbucyber/_projects/food-ordering-system/infrastructure/kafka/kafka-model/target/classes/avro/payment_response.avsc", "Avro avsc", 0, 0, 0, 0, 0, 0, 75, 0, 0, 0, 0, 75
"/home/khumbucyber/_projects/food-ordering-system/infrastructure/kafka/kafka-model/target/classes/avro/restaurant_approval_request.avsc", "Avro avsc", 0, 0, 0, 0, 0, 0, 73, 0, 0, 0, 0, 73
"/home/khumbucyber/_projects/food-ordering-system/infrastructure/kafka/kafka-model/target/classes/avro/restaurant_approval_response.avsc", "Avro avsc", 0, 0, 0, 0, 0, 0, 59, 0, 0, 0, 0, 59
"/home/khumbucyber/_projects/food-ordering-system/infrastructure/kafka/kafka-model/target/classes/com/food/ordering/system/kafka/order/avro/model/OrderApprovalStatus.class", "Java", 18, 0, 0, 0, 0, 0, 0, 0, 0, 0, 0, 18
"/home/khumbucyber/_projects/food-ordering-system/infrastructure/kafka/kafka-model/target/classes/com/food/ordering/system/kafka/order/avro/model/PaymentOrderStatus.class", "Java", 18, 0, 0, 0, 0, 0, 0, 0, 0, 0, 0, 18
"/home/khumbucyber/_projects/food-ordering-system/infrastructure/kafka/kafka-model/target/classes/com/food/ordering/system/kafka/order/avro/model/PaymentRequestAvroModel$Builder.class", "Java", 46, 0, 0, 0, 0, 0, 0, 0, 0, 0, 0, 46
"/home/khumbucyber/_projects/food-ordering-system/infrastructure/kafka/kafka-model/target/classes/com/food/ordering/system/kafka/order/avro/model/PaymentRequestAvroModel.class", "Java", 62, 0, 0, 0, 0, 0, 0, 0, 0, 0, 3, 65
"/home/khumbucyber/_projects/food-ordering-system/infrastructure/kafka/kafka-model/target/classes/com/food/ordering/system/kafka/order/avro/model/PaymentResponseAvroModel$Builder.class", "Java", 51, 0, 0, 0, 0, 0, 0, 0, 0, 0, 0, 51
"/home/khumbucyber/_projects/food-ordering-system/infrastructure/kafka/kafka-model/target/classes/com/food/ordering/system/kafka/order/avro/model/PaymentResponseAvroModel.class", "Java", 67, 0, 0, 0, 0, 0, 0, 0, 0, 0, 4, 71
"/home/khumbucyber/_projects/food-ordering-system/infrastructure/kafka/kafka-model/target/classes/com/food/ordering/system/kafka/order/avro/model/PaymentStatus.class", "Java", 19, 0, 0, 0, 0, 0, 0, 0, 0, 0, 0, 19
"/home/khumbucyber/_projects/food-ordering-system/infrastructure/kafka/kafka-model/target/classes/com/food/ordering/system/kafka/order/avro/model/Product$Builder.class", "Java", 43, 0, 0, 0, 0, 0, 0, 0, 0, 0, 1, 44
"/home/khumbucyber/_projects/food-ordering-system/infrastructure/kafka/kafka-model/target/classes/com/food/ordering/system/kafka/order/avro/model/Product.class", "Java", 55, 0, 0, 0, 0, 0, 0, 0, 0, 0, 2, 57
"/home/khumbucyber/_projects/food-ordering-system/infrastructure/kafka/kafka-model/target/classes/com/food/ordering/system/kafka/order/avro/model/RestaurantApprovalRequestAvroModel$Builder.class", "Java", 46, 0, 0, 0, 0, 0, 0, 0, 0, 0, 0, 46
"/home/khumbucyber/_projects/food-ordering-system/infrastructure/kafka/kafka-model/target/classes/com/food/ordering/system/kafka/order/avro/model/RestaurantApprovalRequestAvroModel.class", "Java", 60, 0, 0, 0, 0, 0, 0, 0, 0, 0, 4, 64
"/home/khumbucyber/_projects/food-ordering-system/infrastructure/kafka/kafka-model/target/classes/com/food/ordering/system/kafka/order/avro/model/RestaurantApprovalResponseAvroModel$Builder.class", "Java", 41, 0, 0, 0, 0, 0, 0, 0, 0, 0, 0, 41
"/home/khumbucyber/_projects/food-ordering-system/infrastructure/kafka/kafka-model/target/classes/com/food/ordering/system/kafka/order/avro/model/RestaurantApprovalResponseAvroModel.class", "Java", 58, 0, 0, 0, 0, 0, 0, 0, 0, 0, 3, 61
"/home/khumbucyber/_projects/food-ordering-system/infrastructure/kafka/kafka-model/target/classes/com/food/ordering/system/kafka/order/avro/model/RestaurantOrderStatus.class", "Java", 17, 0, 0, 0, 0, 0, 0, 0, 0, 0, 0, 17
"/home/khumbucyber/_projects/food-ordering-system/infrastructure/kafka/kafka-model/target/maven-archiver/pom.properties", "Java Properties", 0, 3, 0, 0, 0, 0, 0, 0, 0, 0, 1, 4
"/home/khumbucyber/_projects/food-ordering-system/infrastructure/kafka/kafka-producer/pom.xml", "XML", 0, 0, 38, 0, 0, 0, 0, 0, 0, 6, 4, 48
"/home/khumbucyber/_projects/food-ordering-system/infrastructure/kafka/kafka-producer/src/main/java/com/food/ordering/system/kafka/producer/KafkaProducerConfig.java", "Java", 45, 0, 0, 0, 0, 0, 0, 0, 0, 8, 7, 60
"/home/khumbucyber/_projects/food-ordering-system/infrastructure/kafka/kafka-producer/src/main/java/com/food/ordering/system/kafka/producer/exception/KafkaProducerException.java", "Java", 6, 0, 0, 0, 0, 0, 0, 0, 0, 0, 2, 8
"/home/khumbucyber/_projects/food-ordering-system/infrastructure/kafka/kafka-producer/src/main/java/com/food/ordering/system/kafka/producer/service/KafkaProducer.java", "Java", 8, 0, 0, 0, 0, 0, 0, 0, 0, 0, 4, 12
"/home/khumbucyber/_projects/food-ordering-system/infrastructure/kafka/kafka-producer/src/main/java/com/food/ordering/system/kafka/producer/service/impl/KafkaProducerImpl.java", "Java", 41, 0, 0, 0, 0, 0, 0, 0, 0, 2, 10, 53
"/home/khumbucyber/_projects/food-ordering-system/infrastructure/kafka/kafka-producer/target/classes/com/food/ordering/system/kafka/producer/KafkaProducerConfig.class", "Java", 29, 0, 0, 0, 0, 0, 0, 0, 0, 0, 0, 29
"/home/khumbucyber/_projects/food-ordering-system/infrastructure/kafka/kafka-producer/target/classes/com/food/ordering/system/kafka/producer/exception/KafkaProducerException.class", "Java", 6, 0, 0, 0, 0, 0, 0, 0, 0, 0, 0, 6
"/home/khumbucyber/_projects/food-ordering-system/infrastructure/kafka/kafka-producer/target/classes/com/food/ordering/system/kafka/producer/service/KafkaProducer.class", "Java", 4, 0, 0, 0, 0, 0, 0, 0, 0, 0, 0, 4
"/home/khumbucyber/_projects/food-ordering-system/infrastructure/kafka/kafka-producer/target/classes/com/food/ordering/system/kafka/producer/service/impl/KafkaProducerImpl.class", "Java", 24, 0, 0, 0, 0, 0, 0, 0, 0, 0, 0, 24
"/home/khumbucyber/_projects/food-ordering-system/infrastructure/kafka/kafka-producer/target/maven-archiver/pom.properties", "Java Properties", 0, 3, 0, 0, 0, 0, 0, 0, 0, 0, 1, 4
"/home/khumbucyber/_projects/food-ordering-system/infrastructure/kafka/pom.xml", "XML", 0, 0, 68, 0, 0, 0, 0, 0, 0, 0, 5, 73
"/home/khumbucyber/_projects/food-ordering-system/infrastructure/pom.xml", "XML", 0, 0, 22, 0, 0, 0, 0, 0, 0, 0, 3, 25
"/home/khumbucyber/_projects/food-ordering-system/order-service/order-application/pom.xml", "XML", 0, 0, 34, 0, 0, 0, 0, 0, 0, 1, 4, 39
"/home/khumbucyber/_projects/food-ordering-system/order-service/order-application/src/main/java/com/food/ordering/system/order/service/application/exception/handler/OrderGlobalExceptionHandler.java", "Java", 35, 0, 0, 0, 0, 0, 0, 0, 0, 0, 8, 43
"/home/khumbucyber/_projects/food-ordering-system/order-service/order-application/src/main/java/com/food/ordering/system/order/service/application/rest/OrderController.java", "Java", 38, 0, 0, 0, 0, 0, 0, 0, 0, 0, 11, 49
"/home/khumbucyber/_projects/food-ordering-system/order-service/order-application/target/classes/com/food/ordering/system/order/service/application/exception/handler/OrderGlobalExceptionHandler.class", "Java", 21, 0, 0, 0, 0, 0, 0, 0, 0, 0, 0, 21
"/home/khumbucyber/_projects/food-ordering-system/order-service/order-application/target/classes/com/food/ordering/system/order/service/application/rest/OrderController.class", "Java", 28, 0, 0, 0, 0, 0, 0, 0, 0, 0, 0, 28
"/home/khumbucyber/_projects/food-ordering-system/order-service/order-application/target/maven-archiver/pom.properties", "Java Properties", 0, 3, 0, 0, 0, 0, 0, 0, 0, 0, 1, 4
"/home/khumbucyber/_projects/food-ordering-system/order-service/order-container/pom.xml", "XML", 0, 0, 63, 0, 0, 0, 0, 0, 0, 0, 4, 67
"/home/khumbucyber/_projects/food-ordering-system/order-service/order-container/src/main/java/com/food/ordering/system/order/service/domain/BeanConfigration.java", "Java", 10, 0, 0, 0, 0, 0, 0, 0, 0, 3, 4, 17
"/home/khumbucyber/_projects/food-ordering-system/order-service/order-container/src/main/java/com/food/ordering/system/order/service/domain/OrderServiceApplication.java", "Java", 13, 0, 0, 0, 0, 0, 0, 0, 0, 3, 3, 19
"/home/khumbucyber/_projects/food-ordering-system/order-service/order-container/src/main/resources/application.yml", "YAML", 0, 0, 0, 0, 0, 60, 0, 0, 0, 6, 8, 74
"/home/khumbucyber/_projects/food-ordering-system/order-service/order-container/src/main/resources/init-schema.sql", "MS SQL", 0, 0, 0, 50, 0, 0, 0, 0, 0, 2, 12, 64
"/home/khumbucyber/_projects/food-ordering-system/order-service/order-container/target/classes/application.yml", "YAML", 0, 0, 0, 0, 0, 60, 0, 0, 0, 6, 8, 74
"/home/khumbucyber/_projects/food-ordering-system/order-service/order-container/target/classes/com/food/ordering/system/order/service/domain/BeanConfigration.class", "Java", 8, 0, 0, 0, 0, 0, 0, 0, 0, 0, 0, 8
"/home/khumbucyber/_projects/food-ordering-system/order-service/order-container/target/classes/com/food/ordering/system/order/service/domain/OrderServiceApplication.class", "Java", 8, 0, 0, 0, 0, 0, 0, 0, 0, 0, 0, 8
"/home/khumbucyber/_projects/food-ordering-system/order-service/order-container/target/classes/init-schema.sql", "MS SQL", 0, 0, 0, 50, 0, 0, 0, 0, 0, 2, 12, 64
"/home/khumbucyber/_projects/food-ordering-system/order-service/order-container/target/maven-archiver/pom.properties", "Java Properties", 0, 3, 0, 0, 0, 0, 0, 0, 0, 0, 1, 4
"/home/khumbucyber/_projects/food-ordering-system/order-service/order-dataaccess/pom.xml", "XML", 0, 0, 30, 0, 0, 0, 0, 0, 0, 0, 3, 33
"/home/khumbucyber/_projects/food-ordering-system/order-service/order-dataaccess/src/main/java/com/food/ordering/system/order/service/dataaccess/customer/adapter/CustomerRepositoryImpl.java", "Java", 23, 0, 0, 0, 0, 0, 0, 0, 0, 1, 8, 32
"/home/khumbucyber/_projects/food-ordering-system/order-service/order-dataaccess/src/main/java/com/food/ordering/system/order/service/dataaccess/customer/entity/CustomerEntity.java", "Java", 21, 0, 0, 0, 0, 0, 0, 0, 0, 4, 7, 32
"/home/khumbucyber/_projects/food-ordering-system/order-service/order-dataaccess/src/main/java/com/food/ordering/system/order/service/dataaccess/customer/mapper/CustomerDataAccessMapper.java", "Java", 11, 0, 0, 0, 0, 0, 0, 0, 0, 0, 5, 16
"/home/khumbucyber/_projects/food-ordering-system/order-service/order-dataaccess/src/main/java/com/food/ordering/system/order/service/dataaccess/customer/repository/CustomerJpaRepository.java", "Java", 8, 0, 0, 0, 0, 0, 0, 0, 0, 0, 6, 14
"/home/khumbucyber/_projects/food-ordering-system/order-service/order-dataaccess/src/main/java/com/food/ordering/system/order/service/dataaccess/order/adapter/OrderRepositoryImpl.java", "Java", 27, 0, 0, 0, 0, 0, 0, 0, 0, 10, 10, 47
"/home/khumbucyber/_projects/food-ordering-system/order-service/order-dataaccess/src/main/java/com/food/ordering/system/order/service/dataaccess/order/entity/OrderAddressEntity.java", "Java", 53, 0, 0, 0, 0, 0, 0, 0, 0, 0, 9, 62
"/home/khumbucyber/_projects/food-ordering-system/order-service/order-dataaccess/src/main/java/com/food/ordering/system/order/service/dataaccess/order/entity/OrderEntity.java", "Java", 63, 0, 0, 0, 0, 0, 0, 0, 0, 3, 10, 76
"/home/khumbucyber/_projects/food-ordering-system/order-service/order-dataaccess/src/main/java/com/food/ordering/system/order/service/dataaccess/order/entity/OrderItemEntity.java", "Java", 58, 0, 0, 0, 0, 0, 0, 0, 0, 2, 10, 70
"/home/khumbucyber/_projects/food-ordering-system/order-service/order-dataaccess/src/main/java/com/food/ordering/system/order/service/dataaccess/order/entity/OrderItemEntityId.java", "Java", 45, 0, 0, 0, 0, 0, 0, 0, 0, 7, 7, 59
"/home/khumbucyber/_projects/food-ordering-system/order-service/order-dataaccess/src/main/java/com/food/ordering/system/order/service/dataaccess/order/mapper/OrderDataAccessMapper.java", "Java", 90, 0, 0, 0, 0, 0, 0, 0, 0, 13, 11, 114
"/home/khumbucyber/_projects/food-ordering-system/order-service/order-dataaccess/src/main/java/com/food/ordering/system/order/service/dataaccess/order/repository/OrderJpaRepository.java", "Java", 10, 0, 0, 0, 0, 0, 0, 0, 0, 0, 7, 17
"/home/khumbucyber/_projects/food-ordering-system/order-service/order-dataaccess/src/main/java/com/food/ordering/system/order/service/dataaccess/restaurant/adapter/RestaurantRepositoryImpl.java", "Java", 29, 0, 0, 0, 0, 0, 0, 0, 0, 4, 6, 39
"/home/khumbucyber/_projects/food-ordering-system/order-service/order-dataaccess/src/main/java/com/food/ordering/system/order/service/dataaccess/restaurant/entity/RestaurantEntity.java", "Java", 59, 0, 0, 0, 0, 0, 0, 0, 0, 0, 9, 68
"/home/khumbucyber/_projects/food-ordering-system/order-service/order-dataaccess/src/main/java/com/food/ordering/system/order/service/dataaccess/restaurant/entity/RestaurantEntityId.java", "Java", 46, 0, 0, 0, 0, 0, 0, 0, 0, 2, 6, 54
"/home/khumbucyber/_projects/food-ordering-system/order-service/order-dataaccess/src/main/java/com/food/ordering/system/order/service/dataaccess/restaurant/exception/RestaurantDataAccessException.java", "Java", 6, 0, 0, 0, 0, 0, 0, 0, 0, 0, 3, 9
"/home/khumbucyber/_projects/food-ordering-system/order-service/order-dataaccess/src/main/java/com/food/ordering/system/order/service/dataaccess/restaurant/mapper/RestaurantDataAccessMapper.java", "Java", 36, 0, 0, 0, 0, 0, 0, 0, 0, 10, 10, 56
"/home/khumbucyber/_projects/food-ordering-system/order-service/order-dataaccess/src/main/java/com/food/ordering/system/order/service/dataaccess/restaurant/repository/RestaurantJpaRepository.java", "Java", 12, 0, 0, 0, 0, 0, 0, 0, 0, 0, 7, 19
"/home/khumbucyber/_projects/food-ordering-system/order-service/order-dataaccess/target/classes/com/food/ordering/system/order/service/dataaccess/customer/adapter/CustomerRepositoryImpl.class", "Java", 15, 0, 0, 0, 0, 0, 0, 0, 0, 0, 0, 15
"/home/khumbucyber/_projects/food-ordering-system/order-service/order-dataaccess/target/classes/com/food/ordering/system/order/service/dataaccess/customer/entity/CustomerEntity$CustomerEntityBuilder.class", "Java", 11, 0, 0, 0, 0, 0, 0, 0, 0, 0, 0, 11
"/home/khumbucyber/_projects/food-ordering-system/order-service/order-dataaccess/target/classes/com/food/ordering/system/order/service/dataaccess/customer/entity/CustomerEntity.class", "Java", 14, 0, 0, 0, 0, 0, 0, 0, 0, 0, 0, 14
"/home/khumbucyber/_projects/food-ordering-system/order-service/order-dataaccess/target/classes/com/food/ordering/system/order/service/dataaccess/customer/mapper/CustomerDataAccessMapper.class", "Java", 12, 0, 0, 0, 0, 0, 0, 0, 0, 0, 0, 12
"/home/khumbucyber/_projects/food-ordering-system/order-service/order-dataaccess/target/classes/com/food/ordering/system/order/service/dataaccess/customer/repository/CustomerJpaRepository.class", "Java", 4, 0, 0, 0, 0, 0, 0, 0, 0, 0, 0, 4
"/home/khumbucyber/_projects/food-ordering-system/order-service/order-dataaccess/target/classes/com/food/ordering/system/order/service/dataaccess/order/adapter/OrderRepositoryImpl.class", "Java", 17, 0, 0, 0, 0, 0, 0, 0, 0, 0, 0, 17
"/home/khumbucyber/_projects/food-ordering-system/order-service/order-dataaccess/target/classes/com/food/ordering/system/order/service/dataaccess/order/entity/OrderAddressEntity$OrderAddressEntityBuilder.class", "Java", 14, 0, 0, 0, 0, 0, 0, 0, 0, 0, 0, 14
"/home/khumbucyber/_projects/food-ordering-system/order-service/order-dataaccess/target/classes/com/food/ordering/system/order/service/dataaccess/order/entity/OrderAddressEntity.class", "Java", 18, 0, 0, 0, 0, 0, 0, 0, 0, 0, 0, 18
"/home/khumbucyber/_projects/food-ordering-system/order-service/order-dataaccess/target/classes/com/food/ordering/system/order/service/dataaccess/order/entity/OrderEntity$OrderEntityBuilder.class", "Java", 16, 0, 0, 0, 0, 0, 0, 0, 0, 0, 0, 16
"/home/khumbucyber/_projects/food-ordering-system/order-service/order-dataaccess/target/classes/com/food/ordering/system/order/service/dataaccess/order/entity/OrderEntity.class", "Java", 33, 0, 0, 0, 0, 0, 0, 0, 0, 0, 0, 33
"/home/khumbucyber/_projects/food-ordering-system/order-service/order-dataaccess/target/classes/com/food/ordering/system/order/service/dataaccess/order/entity/OrderItemEntity$OrderItemEntityBuilder.class", "Java", 14, 0, 0, 0, 0, 0, 0, 0, 0, 0, 0, 14
"/home/khumbucyber/_projects/food-ordering-system/order-service/order-dataaccess/target/classes/com/food/ordering/system/order/service/dataaccess/order/entity/OrderItemEntity.class", "Java", 17, 0, 0, 0, 0, 0, 0, 0, 0, 0, 0, 17
"/home/khumbucyber/_projects/food-ordering-system/order-service/order-dataaccess/target/classes/com/food/ordering/system/order/service/dataaccess/order/entity/OrderItemEntityId$OrderItemEntityIdBuilder.class", "Java", 14, 0, 0, 0, 0, 0, 0, 0, 0, 0, 0, 14
"/home/khumbucyber/_projects/food-ordering-system/order-service/order-dataaccess/target/classes/com/food/ordering/system/order/service/dataaccess/order/entity/OrderItemEntityId.class", "Java", 26, 0, 0, 0, 0, 0, 0, 0, 0, 0, 1, 27
"/home/khumbucyber/_projects/food-ordering-system/order-service/order-dataaccess/target/classes/com/food/ordering/system/order/service/dataaccess/order/mapper/OrderDataAccessMapper.class", "Java", 153, 0, 0, 0, 0, 0, 0, 0, 0, 0, 0, 153
"/home/khumbucyber/_projects/food-ordering-system/order-service/order-dataaccess/target/classes/com/food/ordering/system/order/service/dataaccess/order/repository/OrderJpaRepository.class", "Java", 5, 0, 0, 0, 0, 0, 0, 0, 0, 0, 0, 5
"/home/khumbucyber/_projects/food-ordering-system/order-service/order-dataaccess/target/classes/com/food/ordering/system/order/service/dataaccess/restaurant/adapter/RestaurantRepositoryImpl.class", "Java", 18, 0, 0, 0, 0, 0, 0, 0, 0, 0, 0, 18
"/home/khumbucyber/_projects/food-ordering-system/order-service/order-dataaccess/target/classes/com/food/ordering/system/order/service/dataaccess/restaurant/entity/RestaurantEntity$RestaurantEntityBuilder.class", "Java", 14, 0, 0, 0, 0, 0, 0, 0, 0, 0, 0, 14
"/home/khumbucyber/_projects/food-ordering-system/order-service/order-dataaccess/target/classes/com/food/ordering/system/order/service/dataaccess/restaurant/entity/RestaurantEntity.class", "Java", 23, 0, 0, 0, 0, 0, 0, 0, 0, 0, 0, 23
"/home/khumbucyber/_projects/food-ordering-system/order-service/order-dataaccess/target/classes/com/food/ordering/system/order/service/dataaccess/restaurant/entity/RestaurantEntityId$RestaurantEntityIdBuilder.class", "Java", 10, 0, 0, 0, 0, 0, 0, 0, 0, 0, 0, 10
"/home/khumbucyber/_projects/food-ordering-system/order-service/order-dataaccess/target/classes/com/food/ordering/system/order/service/dataaccess/restaurant/entity/RestaurantEntityId.class", "Java", 25, 0, 0, 0, 0, 0, 0, 0, 0, 0, 0, 25
"/home/khumbucyber/_projects/food-ordering-system/order-service/order-dataaccess/target/classes/com/food/ordering/system/order/service/dataaccess/restaurant/exception/RestaurantDataAccessException.class", "Java", 6, 0, 0, 0, 0, 0, 0, 0, 0, 0, 0, 6
"/home/khumbucyber/_projects/food-ordering-system/order-service/order-dataaccess/target/classes/com/food/ordering/system/order/service/dataaccess/restaurant/mapper/RestaurantDataAccessMapper.class", "Java", 41, 0, 0, 0, 0, 0, 0, 0, 0, 0, 0, 41
"/home/khumbucyber/_projects/food-ordering-system/order-service/order-dataaccess/target/classes/com/food/ordering/system/order/service/dataaccess/restaurant/repository/RestaurantJpaRepository.class", "Java", 5, 0, 0, 0, 0, 0, 0, 0, 0, 0, 0, 5
"/home/khumbucyber/_projects/food-ordering-system/order-service/order-dataaccess/target/maven-archiver/pom.properties", "Java Properties", 0, 3, 0, 0, 0, 0, 0, 0, 0, 0, 1, 4
"/home/khumbucyber/_projects/food-ordering-system/order-service/order-domain/order-application-service/pom.xml", "XML", 0, 0, 44, 0, 0, 0, 0, 0, 0, 0, 5, 49
"/home/khumbucyber/_projects/food-ordering-system/order-service/order-domain/order-application-service/src/main/java/com/food/ordering/system/order/service/domain/OrderApplicationServiceImpl.java", "Java", 30, 0, 0, 0, 0, 0, 0, 0, 0, 3, 11, 44
"/home/khumbucyber/_projects/food-ordering-system/order-service/order-domain/order-application-service/src/main/java/com/food/ordering/system/order/service/domain/OrderCreateCommandHandler.java", "Java", 27, 0, 0, 0, 0, 0, 0, 0, 0, 19, 14, 60
"/home/khumbucyber/_projects/food-ordering-system/order-service/order-domain/order-application-service/src/main/java/com/food/ordering/system/order/service/domain/OrderCreateHelper.java", "Java", 71, 0, 0, 0, 0, 0, 0, 0, 0, 5, 12, 88
"/home/khumbucyber/_projects/food-ordering-system/order-service/order-domain/order-application-service/src/main/java/com/food/ordering/system/order/service/domain/OrderTrackCommandHandler.java", "Java", 33, 0, 0, 0, 0, 0, 0, 0, 0, 1, 10, 44
"/home/khumbucyber/_projects/food-ordering-system/order-service/order-domain/order-application-service/src/main/java/com/food/ordering/system/order/service/domain/config/OrderServiceConfigData.java", "Java", 13, 0, 0, 0, 0, 0, 0, 0, 0, 0, 3, 16
"/home/khumbucyber/_projects/food-ordering-system/order-service/order-domain/order-application-service/src/main/java/com/food/ordering/system/order/service/domain/dto/create/CreateOrderCommand.java", "Java", 23, 0, 0, 0, 0, 0, 0, 0, 0, 1, 5, 29
"/home/khumbucyber/_projects/food-ordering-system/order-service/order-domain/order-application-service/src/main/java/com/food/ordering/system/order/service/domain/dto/create/CreateOrderResponse.java", "Java", 18, 0, 0, 0, 0, 0, 0, 0, 0, 0, 6, 24
"/home/khumbucyber/_projects/food-ordering-system/order-service/order-domain/order-application-service/src/main/java/com/food/ordering/system/order/service/domain/dto/create/OrderAddressDto.java", "Java", 20, 0, 0, 0, 0, 0, 0, 0, 0, 0, 4, 24
"/home/khumbucyber/_projects/food-ordering-system/order-service/order-domain/order-application-service/src/main/java/com/food/ordering/system/order/service/domain/dto/create/OrderItemDto.java", "Java", 20, 0, 0, 0, 0, 0, 0, 0, 0, 0, 5, 25
"/home/khumbucyber/_projects/food-ordering-system/order-service/order-domain/order-application-service/src/main/java/com/food/ordering/system/order/service/domain/dto/message/PaymentResponse.java", "Java", 22, 0, 0, 0, 0, 0, 0, 0, 0, 0, 5, 27
"/home/khumbucyber/_projects/food-ordering-system/order-service/order-domain/order-application-service/src/main/java/com/food/ordering/system/order/service/domain/dto/message/RestaurantApprovalResponse.java", "Java", 19, 0, 0, 0, 0, 0, 0, 0, 0, 0, 5, 24
"/home/khumbucyber/_projects/food-ordering-system/order-service/order-domain/order-application-service/src/main/java/com/food/ordering/system/order/service/domain/dto/track/TrackOrderQuery.java", "Java", 13, 0, 0, 0, 0, 0, 0, 0, 0, 0, 5, 18
"/home/khumbucyber/_projects/food-ordering-system/order-service/order-domain/order-application-service/src/main/java/com/food/ordering/system/order/service/domain/dto/track/TrackOrderResponse.java", "Java", 18, 0, 0, 0, 0, 0, 0, 0, 0, 0, 6, 24
"/home/khumbucyber/_projects/food-ordering-system/order-service/order-domain/order-application-service/src/main/java/com/food/ordering/system/order/service/domain/mapper/OrderDataMapper.java", "Java", 71, 0, 0, 0, 0, 0, 0, 0, 0, 7, 9, 87
"/home/khumbucyber/_projects/food-ordering-system/order-service/order-domain/order-application-service/src/main/java/com/food/ordering/system/order/service/domain/ports/input/message/listner/payment/PaymentResponseMessageListner.java", "Java", 6, 0, 0, 0, 0, 0, 0, 0, 0, 0, 5, 11
"/home/khumbucyber/_projects/food-ordering-system/order-service/order-domain/order-application-service/src/main/java/com/food/ordering/system/order/service/domain/ports/input/message/listner/payment/PaymentResponseMessageListnerImpl.java", "Java", 16, 0, 0, 0, 0, 0, 0, 0, 0, 0, 9, 25
"/home/khumbucyber/_projects/food-ordering-system/order-service/order-domain/order-application-service/src/main/java/com/food/ordering/system/order/service/domain/ports/input/message/listner/restaurantapproval/RestaurantApprovalResponseMessageListner.java", "Java", 6, 0, 0, 0, 0, 0, 0, 0, 0, 0, 5, 11
"/home/khumbucyber/_projects/food-ordering-system/order-service/order-domain/order-application-service/src/main/java/com/food/ordering/system/order/service/domain/ports/input/message/listner/restaurantapproval/RestaurantApprovalResponseMessageListnerImpl.java", "Java", 17, 0, 0, 0, 0, 0, 0, 0, 0, 0, 10, 27
"/home/khumbucyber/_projects/food-ordering-system/order-service/order-domain/order-application-service/src/main/java/com/food/ordering/system/order/service/domain/ports/input/service/OrderApplicationService.java", "Java", 10, 0, 0, 0, 0, 0, 0, 0, 0, 0, 6, 16
"/home/khumbucyber/_projects/food-ordering-system/order-service/order-domain/order-application-service/src/main/java/com/food/ordering/system/order/service/domain/ports/output/message/publisher/payment/OrderCancelledPaymentRequestMessagePublisher.java", "Java", 6, 0, 0, 0, 0, 0, 0, 0, 0, 0, 4, 10
"/home/khumbucyber/_projects/food-ordering-system/order-service/order-domain/order-application-service/src/main/java/com/food/ordering/system/order/service/domain/ports/output/message/publisher/payment/OrderCreatedPaymentRequestMessagePublisher.java", "Java", 6, 0, 0, 0, 0, 0, 0, 0, 0, 0, 5, 11
"/home/khumbucyber/_projects/food-ordering-system/order-service/order-domain/order-application-service/src/main/java/com/food/ordering/system/order/service/domain/ports/output/message/publisher/restaurantapproval/OrdrePaidRestaurantRequestMessagePublisher.java", "Java", 6, 0, 0, 0, 0, 0, 0, 0, 0, 0, 4, 10
"/home/khumbucyber/_projects/food-ordering-system/order-service/order-domain/order-application-service/src/main/java/com/food/ordering/system/order/service/domain/ports/output/repository/CustomerRepository.java", "Java", 7, 0, 0, 0, 0, 0, 0, 0, 0, 0, 5, 12
"/home/khumbucyber/_projects/food-ordering-system/order-service/order-domain/order-application-service/src/main/java/com/food/ordering/system/order/service/domain/ports/output/repository/OrderRepository.java", "Java", 8, 0, 0, 0, 0, 0, 0, 0, 0, 6, 6, 20
"/home/khumbucyber/_projects/food-ordering-system/order-service/order-domain/order-application-service/src/main/java/com/food/ordering/system/order/service/domain/ports/output/repository/RestaurantRepository.java", "Java", 6, 0, 0, 0, 0, 0, 0, 0, 0, 0, 5, 11
"/home/khumbucyber/_projects/food-ordering-system/order-service/order-domain/order-application-service/src/test/java/com/food/ordering/system/order/service/domain/OrderApplicationServiceTest.java", "Java", 184, 0, 0, 0, 0, 0, 0, 0, 0, 11, 17, 212
"/home/khumbucyber/_projects/food-ordering-system/order-service/order-domain/order-application-service/src/test/java/com/food/ordering/system/order/service/domain/OrderTestConfigration.java", "Java", 41, 0, 0, 0, 0, 0, 0, 0, 0, 3, 11, 55
"/home/khumbucyber/_projects/food-ordering-system/order-service/order-domain/order-application-service/target/classes/com/food/ordering/system/order/service/domain/OrderApplicationServiceImpl.class", "Java", 13, 0, 0, 0, 0, 0, 0, 0, 0, 0, 0, 13
"/home/khumbucyber/_projects/food-ordering-system/order-service/order-domain/order-application-service/target/classes/com/food/ordering/system/order/service/domain/OrderCreateCommandHandler.class", "Java", 15, 0, 0, 0, 0, 0, 0, 0, 0, 0, 0, 15
"/home/khumbucyber/_projects/food-ordering-system/order-service/order-domain/order-application-service/target/classes/com/food/ordering/system/order/service/domain/OrderCreateHelper.class", "Java", 33, 0, 0, 0, 0, 0, 0, 0, 0, 1, 0, 34
"/home/khumbucyber/_projects/food-ordering-system/order-service/order-domain/order-application-service/target/classes/com/food/ordering/system/order/service/domain/OrderTrackCommandHandler.class", "Java", 19, 0, 0, 0, 0, 0, 0, 0, 0, 0, 0, 19
"/home/khumbucyber/_projects/food-ordering-system/order-service/order-domain/order-application-service/target/classes/com/food/ordering/system/order/service/domain/config/OrderServiceConfigData.class", "Java", 36, 0, 0, 0, 0, 0, 0, 0, 0, 2, 0, 38
"/home/khumbucyber/_projects/food-ordering-system/order-service/order-domain/order-application-service/target/classes/com/food/ordering/system/order/service/domain/dto/create/CreateOrderCommand$CreateOrderCommandBuilder.class", "Java", 15, 0, 0, 0, 0, 0, 0, 0, 0, 0, 0, 15
"/home/khumbucyber/_projects/food-ordering-system/order-service/order-domain/order-application-service/target/classes/com/food/ordering/system/order/service/domain/dto/create/CreateOrderCommand.class", "Java", 17, 0, 0, 0, 0, 0, 0, 0, 0, 0, 0, 17
"/home/khumbucyber/_projects/food-ordering-system/order-service/order-domain/order-application-service/target/classes/com/food/ordering/system/order/service/domain/dto/create/CreateOrderResponse$CreateOrderResponseBuilder.class", "Java", 12, 0, 0, 0, 0, 0, 0, 0, 0, 0, 0, 12
"/home/khumbucyber/_projects/food-ordering-system/order-service/order-domain/order-application-service/target/classes/com/food/ordering/system/order/service/domain/dto/create/CreateOrderResponse.class", "Java", 17, 0, 0, 0, 0, 0, 0, 0, 0, 0, 0, 17
"/home/khumbucyber/_projects/food-ordering-system/order-service/order-domain/order-application-service/target/classes/com/food/ordering/system/order/service/domain/dto/create/OrderAddressDto$OrderAddressDtoBuilder.class", "Java", 17, 0, 0, 0, 0, 0, 0, 0, 0, 0, 0, 17
"/home/khumbucyber/_projects/food-ordering-system/order-service/order-domain/order-application-service/target/classes/com/food/ordering/system/order/service/domain/dto/create/OrderAddressDto.class", "Java", 21, 0, 0, 0, 0, 0, 0, 0, 0, 0, 0, 21
"/home/khumbucyber/_projects/food-ordering-system/order-service/order-domain/order-application-service/target/classes/com/food/ordering/system/order/service/domain/dto/create/OrderItemDto$OrderItemDtoBuilder.class", "Java", 21, 0, 0, 0, 0, 0, 0, 0, 0, 0, 0, 21
"/home/khumbucyber/_projects/food-ordering-system/order-service/order-domain/order-application-service/target/classes/com/food/ordering/system/order/service/domain/dto/create/OrderItemDto.class", "Java", 16, 0, 0, 0, 0, 0, 0, 0, 0, 0, 0, 16
"/home/khumbucyber/_projects/food-ordering-system/order-service/order-domain/order-application-service/target/classes/com/food/ordering/system/order/service/domain/dto/message/PaymentResponse$PaymentResponseBuilder.class", "Java", 18, 0, 0, 0, 0, 0, 0, 0, 0, 0, 0, 18
"/home/khumbucyber/_projects/food-ordering-system/order-service/order-domain/order-application-service/target/classes/com/food/ordering/system/order/service/domain/dto/message/PaymentResponse.class", "Java", 22, 0, 0, 0, 0, 0, 0, 0, 0, 6, 0, 28
"/home/khumbucyber/_projects/food-ordering-system/order-service/order-domain/order-application-service/target/classes/com/food/ordering/system/order/service/domain/dto/message/RestaurantApprovalResponse$RestaurantApprovalResponseBuilder.class", "Java", 22, 0, 0, 0, 0, 0, 0, 0, 0, 3, 0, 25
"/home/khumbucyber/_projects/food-ordering-system/order-service/order-domain/order-application-service/target/classes/com/food/ordering/system/order/service/domain/dto/message/RestaurantApprovalResponse.class", "Java", 14, 0, 0, 0, 0, 0, 0, 0, 0, 0, 0, 14
"/home/khumbucyber/_projects/food-ordering-system/order-service/order-domain/order-application-service/target/classes/com/food/ordering/system/order/service/domain/dto/track/TrackOrderQuery$TrackOrderQueryBuilder.class", "Java", 11, 0, 0, 0, 0, 0, 0, 0, 0, 0, 0, 11
"/home/khumbucyber/_projects/food-ordering-system/order-service/order-domain/order-application-service/target/classes/com/food/ordering/system/order/service/domain/dto/track/TrackOrderQuery.class", "Java", 13, 0, 0, 0, 0, 0, 0, 0, 0, 0, 0, 13
"/home/khumbucyber/_projects/food-ordering-system/order-service/order-domain/order-application-service/target/classes/com/food/ordering/system/order/service/domain/dto/track/TrackOrderResponse$TrackOrderResponseBuilder.class", "Java", 11, 0, 0, 0, 0, 0, 0, 0, 0, 0, 0, 11
"/home/khumbucyber/_projects/food-ordering-system/order-service/order-domain/order-application-service/target/classes/com/food/ordering/system/order/service/domain/dto/track/TrackOrderResponse.class", "Java", 13, 0, 0, 0, 0, 0, 0, 0, 0, 0, 0, 13
"/home/khumbucyber/_projects/food-ordering-system/order-service/order-domain/order-application-service/target/classes/com/food/ordering/system/order/service/domain/mapper/OrderDataMapper.class", "Java", 88, 0, 0, 0, 0, 0, 0, 0, 0, 0, 0, 88
"/home/khumbucyber/_projects/food-ordering-system/order-service/order-domain/order-application-service/target/classes/com/food/ordering/system/order/service/domain/ports/input/message/listner/payment/PaymentResponseMessageListner.class", "Java", 3, 0, 0, 0, 0, 0, 0, 0, 0, 0, 0, 3
"/home/khumbucyber/_projects/food-ordering-system/order-service/order-domain/order-application-service/target/classes/com/food/ordering/system/order/service/domain/ports/input/message/listner/payment/PaymentResponseMessageListnerImpl.class", "Java", 12, 0, 0, 0, 0, 0, 0, 0, 0, 0, 0, 12
"/home/khumbucyber/_projects/food-ordering-system/order-service/order-domain/order-application-service/target/classes/com/food/ordering/system/order/service/domain/ports/input/message/listner/restaurantapproval/RestaurantApprovalResponseMessageListner.class", "Java", 5, 0, 0, 0, 0, 0, 0, 0, 0, 0, 0, 5
"/home/khumbucyber/_projects/food-ordering-system/order-service/order-domain/order-application-service/target/classes/com/food/ordering/system/order/service/domain/ports/input/message/listner/restaurantapproval/RestaurantApprovalResponseMessageListnerImpl.class", "Java", 14, 0, 0, 0, 0, 0, 0, 0, 0, 0, 0, 14
"/home/khumbucyber/_projects/food-ordering-system/order-service/order-domain/order-application-service/target/classes/com/food/ordering/system/order/service/domain/ports/input/service/OrderApplicationService.class", "Java", 5, 0, 0, 0, 0, 0, 0, 0, 0, 0, 0, 5
"/home/khumbucyber/_projects/food-ordering-system/order-service/order-domain/order-application-service/target/classes/com/food/ordering/system/order/service/domain/ports/output/message/publisher/payment/OrderCancelledPaymentRequestMessagePublisher.class", "Java", 2, 0, 0, 0, 0, 0, 0, 0, 0, 0, 1, 3
"/home/khumbucyber/_projects/food-ordering-system/order-service/order-domain/order-application-service/target/classes/com/food/ordering/system/order/service/domain/ports/output/message/publisher/payment/OrderCreatedPaymentRequestMessagePublisher.class", "Java", 2, 0, 0, 0, 0, 0, 0, 0, 0, 0, 1, 3
"/home/khumbucyber/_projects/food-ordering-system/order-service/order-domain/order-application-service/target/classes/com/food/ordering/system/order/service/domain/ports/output/message/publisher/restaurantapproval/OrdrePaidRestaurantRequestMessagePublisher.class", "Java", 2, 0, 0, 0, 0, 0, 0, 0, 0, 0, 1, 3
"/home/khumbucyber/_projects/food-ordering-system/order-service/order-domain/order-application-service/target/classes/com/food/ordering/system/order/service/domain/ports/output/repository/CustomerRepository.class", "Java", 5, 0, 0, 0, 0, 0, 0, 0, 0, 0, 0, 5
"/home/khumbucyber/_projects/food-ordering-system/order-service/order-domain/order-application-service/target/classes/com/food/ordering/system/order/service/domain/ports/output/repository/OrderRepository.class", "Java", 5, 0, 0, 0, 0, 0, 0, 0, 0, 0, 0, 5
"/home/khumbucyber/_projects/food-ordering-system/order-service/order-domain/order-application-service/target/classes/com/food/ordering/system/order/service/domain/ports/output/repository/RestaurantRepository.class", "Java", 5, 0, 0, 0, 0, 0, 0, 0, 0, 0, 0, 5
"/home/khumbucyber/_projects/food-ordering-system/order-service/order-domain/order-application-service/target/maven-archiver/pom.properties", "Java Properties", 0, 3, 0, 0, 0, 0, 0, 0, 0, 0, 1, 4
"/home/khumbucyber/_projects/food-ordering-system/order-service/order-domain/order-application-service/target/surefire-reports/TEST-com.food.ordering.system.order.service.domain.OrderApplicationServiceTest.xml", "XML", 0, 0, 57, 0, 0, 0, 0, 0, 0, 0, 0, 57
"/home/khumbucyber/_projects/food-ordering-system/order-service/order-domain/order-application-service/target/test-classes/com/food/ordering/system/order/service/domain/OrderApplicationServiceTest.class", "Java", 71, 0, 0, 0, 0, 0, 0, 0, 0, 1, 1, 73
"/home/khumbucyber/_projects/food-ordering-system/order-service/order-domain/order-application-service/target/test-classes/com/food/ordering/system/order/service/domain/OrderTestConfigration.class", "Java", 21, 0, 0, 0, 0, 0, 0, 0, 0, 0, 0, 21
"/home/khumbucyber/_projects/food-ordering-system/order-service/order-domain/order-domain-core/pom.xml", "XML", 0, 0, 22, 0, 0, 0, 0, 0, 0, 0, 3, 25
"/home/khumbucyber/_projects/food-ordering-system/order-service/order-domain/order-domain-core/src/main/java/com/food/ordering/system/Main.java", "Java", 6, 0, 0, 0, 0, 0, 0, 0, 0, 0, 1, 7
"/home/khumbucyber/_projects/food-ordering-system/order-service/order-domain/order-domain-core/src/main/java/com/food/ordering/system/order/service/domain/OrderDomainService.java", "Java", 14, 0, 0, 0, 0, 0, 0, 0, 0, 0, 8, 22
"/home/khumbucyber/_projects/food-ordering-system/order-service/order-domain/order-domain-core/src/main/java/com/food/ordering/system/order/service/domain/OrderDomainServiceImpl.java", "Java", 63, 0, 0, 0, 0, 0, 0, 0, 0, 8, 13, 84
"/home/khumbucyber/_projects/food-ordering-system/order-service/order-domain/order-domain-core/src/main/java/com/food/ordering/system/order/service/domain/entity/Customer.java", "Java", 10, 0, 0, 0, 0, 0, 0, 0, 0, 4, 5, 19
"/home/khumbucyber/_projects/food-ordering-system/order-service/order-domain/order-domain-core/src/main/java/com/food/ordering/system/order/service/domain/entity/Order.java", "Java", 189, 0, 0, 0, 0, 0, 0, 0, 0, 7, 25, 221
"/home/khumbucyber/_projects/food-ordering-system/order-service/order-domain/order-domain-core/src/main/java/com/food/ordering/system/order/service/domain/entity/OrderItem.java", "Java", 78, 0, 0, 0, 0, 0, 0, 0, 0, 9, 11, 98
"/home/khumbucyber/_projects/food-ordering-system/order-service/order-domain/order-domain-core/src/main/java/com/food/ordering/system/order/service/domain/entity/Product.java", "Java", 55, 0, 0, 0, 0, 0, 0, 0, 0, 0, 10, 65
"/home/khumbucyber/_projects/food-ordering-system/order-service/order-domain/order-domain-core/src/main/java/com/food/ordering/system/order/service/domain/entity/Restaurant.java", "Java", 43, 0, 0, 0, 0, 0, 0, 0, 0, 8, 10, 61
"/home/khumbucyber/_projects/food-ordering-system/order-service/order-domain/order-domain-core/src/main/java/com/food/ordering/system/order/service/domain/event/OrderCancelledEvent.java", "Java", 8, 0, 0, 0, 0, 0, 0, 0, 0, 0, 4, 12
"/home/khumbucyber/_projects/food-ordering-system/order-service/order-domain/order-domain-core/src/main/java/com/food/ordering/system/order/service/domain/event/OrderCreatedEvent.java", "Java", 8, 0, 0, 0, 0, 0, 0, 0, 0, 0, 4, 12
"/home/khumbucyber/_projects/food-ordering-system/order-service/order-domain/order-domain-core/src/main/java/com/food/ordering/system/order/service/domain/event/OrderEvent.java", "Java", 18, 0, 0, 0, 0, 0, 0, 0, 0, 0, 9, 27
"/home/khumbucyber/_projects/food-ordering-system/order-service/order-domain/order-domain-core/src/main/java/com/food/ordering/system/order/service/domain/event/OrderPaidEvent.java", "Java", 8, 0, 0, 0, 0, 0, 0, 0, 0, 0, 4, 12
"/home/khumbucyber/_projects/food-ordering-system/order-service/order-domain/order-domain-core/src/main/java/com/food/ordering/system/order/service/domain/exception/OrderDomainException.java", "Java", 10, 0, 0, 0, 0, 0, 0, 0, 0, 0, 6, 16
"/home/khumbucyber/_projects/food-ordering-system/order-service/order-domain/order-domain-core/src/main/java/com/food/ordering/system/order/service/domain/exception/OrderNotFoundException.java", "Java", 10, 0, 0, 0, 0, 0, 0, 0, 0, 0, 5, 15
"/home/khumbucyber/_projects/food-ordering-system/order-service/order-domain/order-domain-core/src/main/java/com/food/ordering/system/order/service/domain/valueobject/OrderItemId.java", "Java", 7, 0, 0, 0, 0, 0, 0, 0, 0, 0, 4, 11
"/home/khumbucyber/_projects/food-ordering-system/order-service/order-domain/order-domain-core/src/main/java/com/food/ordering/system/order/service/domain/valueobject/StreetAddress.java", "Java", 61, 0, 0, 0, 0, 0, 0, 0, 0, 5, 11, 77
"/home/khumbucyber/_projects/food-ordering-system/order-service/order-domain/order-domain-core/src/main/java/com/food/ordering/system/order/service/domain/valueobject/TrackingId.java", "Java", 8, 0, 0, 0, 0, 0, 0, 0, 0, 0, 5, 13
"/home/khumbucyber/_projects/food-ordering-system/order-service/order-domain/order-domain-core/target/classes/com/food/ordering/system/Main.class", "Java", 8, 0, 0, 0, 0, 0, 0, 0, 0, 0, 0, 8
"/home/khumbucyber/_projects/food-ordering-system/order-service/order-domain/order-domain-core/target/classes/com/food/ordering/system/order/service/domain/OrderDomainService.class", "Java", 5, 0, 0, 0, 0, 0, 0, 0, 0, 0, 0, 5
"/home/khumbucyber/_projects/food-ordering-system/order-service/order-domain/order-domain-core/target/classes/com/food/ordering/system/order/service/domain/OrderDomainServiceImpl.class", "Java", 50, 0, 0, 0, 0, 0, 0, 0, 0, 0, 0, 50
"/home/khumbucyber/_projects/food-ordering-system/order-service/order-domain/order-domain-core/target/classes/com/food/ordering/system/order/service/domain/entity/Customer.class", "Java", 14, 0, 0, 0, 0, 0, 0, 0, 0, 0, 0, 14
"/home/khumbucyber/_projects/food-ordering-system/order-service/order-domain/order-domain-core/target/classes/com/food/ordering/system/order/service/domain/entity/Order$Builder.class", "Java", 27, 0, 0, 0, 0, 0, 0, 0, 0, 0, 0, 27
"/home/khumbucyber/_projects/food-ordering-system/order-service/order-domain/order-domain-core/target/classes/com/food/ordering/system/order/service/domain/entity/Order.class", "Java", 77, 0, 0, 0, 0, 0, 0, 0, 0, 0, 0, 77
"/home/khumbucyber/_projects/food-ordering-system/order-service/order-domain/order-domain-core/target/classes/com/food/ordering/system/order/service/domain/entity/OrderItem$Builder.class", "Java", 18, 0, 0, 0, 0, 0, 0, 0, 0, 0, 0, 18
"/home/khumbucyber/_projects/food-ordering-system/order-service/order-domain/order-domain-core/target/classes/com/food/ordering/system/order/service/domain/entity/OrderItem.class", "Java", 22, 0, 0, 0, 0, 0, 0, 0, 0, 0, 1, 23
"/home/khumbucyber/_projects/food-ordering-system/order-service/order-domain/order-domain-core/target/classes/com/food/ordering/system/order/service/domain/entity/Product.class", "Java", 22, 0, 0, 0, 0, 0, 0, 0, 0, 0, 0, 22
"/home/khumbucyber/_projects/food-ordering-system/order-service/order-domain/order-domain-core/target/classes/com/food/ordering/system/order/service/domain/entity/Restaurant$Builder.class", "Java", 15, 0, 0, 0, 0, 0, 0, 0, 0, 0, 0, 15
"/home/khumbucyber/_projects/food-ordering-system/order-service/order-domain/order-domain-core/target/classes/com/food/ordering/system/order/service/domain/entity/Restaurant.class", "Java", 13, 0, 0, 0, 0, 0, 0, 0, 0, 0, 0, 13
"/home/khumbucyber/_projects/food-ordering-system/order-service/order-domain/order-domain-core/target/classes/com/food/ordering/system/order/service/domain/event/OrderCancelledEvent.class", "Java", 7, 0, 0, 0, 0, 0, 0, 0, 0, 0, 0, 7
"/home/khumbucyber/_projects/food-ordering-system/order-service/order-domain/order-domain-core/target/classes/com/food/ordering/system/order/service/domain/event/OrderCreatedEvent.class", "Java", 7, 0, 0, 0, 0, 0, 0, 0, 0, 0, 0, 7
"/home/khumbucyber/_projects/food-ordering-system/order-service/order-domain/order-domain-core/target/classes/com/food/ordering/system/order/service/domain/event/OrderEvent.class", "Java", 10, 0, 0, 0, 0, 0, 0, 0, 0, 0, 0, 10
"/home/khumbucyber/_projects/food-ordering-system/order-service/order-domain/order-domain-core/target/classes/com/food/ordering/system/order/service/domain/event/OrderPaidEvent.class", "Java", 7, 0, 0, 0, 0, 0, 0, 0, 0, 0, 0, 7
"/home/khumbucyber/_projects/food-ordering-system/order-service/order-domain/order-domain-core/target/classes/com/food/ordering/system/order/service/domain/exception/OrderDomainException.class", "Java", 11, 0, 0, 0, 0, 0, 0, 0, 0, 0, 0, 11
"/home/khumbucyber/_projects/food-ordering-system/order-service/order-domain/order-domain-core/target/classes/com/food/ordering/system/order/service/domain/exception/OrderNotFoundException.class", "Java", 11, 0, 0, 0, 0, 0, 0, 0, 0, 0, 0, 11
"/home/khumbucyber/_projects/food-ordering-system/order-service/order-domain/order-domain-core/target/classes/com/food/ordering/system/order/service/domain/valueobject/OrderItemId.class", "Java", 6, 0, 0, 0, 0, 0, 0, 0, 0, 0, 0, 6
"/home/khumbucyber/_projects/food-ordering-system/order-service/order-domain/order-domain-core/target/classes/com/food/ordering/system/order/service/domain/valueobject/StreetAddress.class", "Java", 24, 0, 0, 0, 0, 0, 0, 0, 0, 0, 0, 24
"/home/khumbucyber/_projects/food-ordering-system/order-service/order-domain/order-domain-core/target/classes/com/food/ordering/system/order/service/domain/valueobject/TrackingId.class", "Java", 7, 0, 0, 0, 0, 0, 0, 0, 0, 0, 0, 7
"/home/khumbucyber/_projects/food-ordering-system/order-service/order-domain/order-domain-core/target/maven-archiver/pom.properties", "Java Properties", 0, 3, 0, 0, 0, 0, 0, 0, 0, 0, 1, 4
"/home/khumbucyber/_projects/food-ordering-system/order-service/order-domain/pom.xml", "XML", 0, 0, 21, 0, 0, 0, 0, 0, 0, 0, 4, 25
"/home/khumbucyber/_projects/food-ordering-system/order-service/order-domain/uml/OrderDomainClass.pu", "PlantUML", 0, 0, 0, 0, 9, 0, 0, 0, 0, 0, 5, 14
"/home/khumbucyber/_projects/food-ordering-system/order-service/order-messaging/pom.xml", "XML", 0, 0, 33, 0, 0, 0, 0, 0, 0, 1, 4, 38
"/home/khumbucyber/_projects/food-ordering-system/order-service/order-messaging/src/main/java/com/food/ordering/system/order/service/messaging/listner/PublisherSequenceDiagram.pu", "PlantUML", 0, 0, 0, 0, 7, 0, 0, 0, 0, 0, 2, 9
"/home/khumbucyber/_projects/food-ordering-system/order-service/order-messaging/src/main/java/com/food/ordering/system/order/service/messaging/listner/kafka/PaymentResponseKafkaListner.java", "Java", 50, 0, 0, 0, 0, 0, 0, 0, 0, 2, 11, 63
"/home/khumbucyber/_projects/food-ordering-system/order-service/order-messaging/src/main/java/com/food/ordering/system/order/service/messaging/listner/kafka/RestaurantApprovalResponseKafkaListner.java", "Java", 46, 0, 0, 0, 0, 0, 0, 0, 0, 3, 10, 59
"/home/khumbucyber/_projects/food-ordering-system/order-service/order-messaging/src/main/java/com/food/ordering/system/order/service/messaging/mapper/OrderMessagingDataMapper.java", "Java", 91, 0, 0, 0, 0, 0, 0, 0, 0, 17, 9, 117
"/home/khumbucyber/_projects/food-ordering-system/order-service/order-messaging/src/main/java/com/food/ordering/system/order/service/messaging/publisher/kafka/CancelOrderKafkaMessagePublisher.java", "Java", 51, 0, 0, 0, 0, 0, 0, 0, 0, 0, 12, 63
"/home/khumbucyber/_projects/food-ordering-system/order-service/order-messaging/src/main/java/com/food/ordering/system/order/service/messaging/publisher/kafka/CreateOrderKafkaMessagePublisher.java", "Java", 51, 0, 0, 0, 0, 0, 0, 0, 0, 0, 11, 62
"/home/khumbucyber/_projects/food-ordering-system/order-service/order-messaging/src/main/java/com/food/ordering/system/order/service/messaging/publisher/kafka/OrderKafkaMessageHelper.java", "Java", 32, 0, 0, 0, 0, 0, 0, 0, 0, 0, 7, 39
"/home/khumbucyber/_projects/food-ordering-system/order-service/order-messaging/src/main/java/com/food/ordering/system/order/service/messaging/publisher/kafka/PayOrderKafkaMessagePublisher.java", "Java", 51, 0, 0, 0, 0, 0, 0, 0, 0, 8, 9, 68
"/home/khumbucyber/_projects/food-ordering-system/order-service/order-messaging/target/classes/com/food/ordering/system/order/service/messaging/listner/PublisherSequenceDiagram.pu", "PlantUML", 0, 0, 0, 0, 7, 0, 0, 0, 0, 0, 2, 9
"/home/khumbucyber/_projects/food-ordering-system/order-service/order-messaging/target/classes/com/food/ordering/system/order/service/messaging/listner/kafka/PaymentResponseKafkaListner.class", "Java", 22, 0, 0, 0, 0, 0, 0, 0, 0, 0, 0, 22
"/home/khumbucyber/_projects/food-ordering-system/order-service/order-messaging/target/classes/com/food/ordering/system/order/service/messaging/listner/kafka/RestaurantApprovalResponseKafkaListner.class", "Java", 23, 0, 0, 0, 0, 0, 0, 0, 0, 0, 0, 23
"/home/khumbucyber/_projects/food-ordering-system/order-service/order-messaging/target/classes/com/food/ordering/system/order/service/messaging/mapper/OrderMessagingDataMapper.class", "Java", 121, 0, 0, 0, 0, 0, 0, 0, 0, 0, 0, 121
"/home/khumbucyber/_projects/food-ordering-system/order-service/order-messaging/target/classes/com/food/ordering/system/order/service/messaging/publisher/kafka/CancelOrderKafkaMessagePublisher.class", "Java", 23, 0, 0, 0, 0, 0, 0, 0, 0, 0, 0, 23
"/home/khumbucyber/_projects/food-ordering-system/order-service/order-messaging/target/classes/com/food/ordering/system/order/service/messaging/publisher/kafka/CreateOrderKafkaMessagePublisher.class", "Java", 23, 0, 0, 0, 0, 0, 0, 0, 0, 0, 0, 23
"/home/khumbucyber/_projects/food-ordering-system/order-service/order-messaging/target/classes/com/food/ordering/system/order/service/messaging/publisher/kafka/OrderKafkaMessageHelper$1.class", "Java", 21, 0, 0, 0, 0, 0, 0, 0, 0, 0, 1, 22
"/home/khumbucyber/_projects/food-ordering-system/order-service/order-messaging/target/classes/com/food/ordering/system/order/service/messaging/publisher/kafka/OrderKafkaMessageHelper.class", "Java", 11, 0, 0, 0, 0, 0, 0, 0, 0, 0, 0, 11
"/home/khumbucyber/_projects/food-ordering-system/order-service/order-messaging/target/classes/com/food/ordering/system/order/service/messaging/publisher/kafka/PayOrderKafkaMessagePublisher.class", "Java", 23, 0, 0, 0, 0, 0, 0, 0, 0, 0, 0, 23
"/home/khumbucyber/_projects/food-ordering-system/order-service/order-messaging/target/maven-archiver/pom.properties", "Java Properties", 0, 3, 0, 0, 0, 0, 0, 0, 0, 0, 1, 4
"/home/khumbucyber/_projects/food-ordering-system/order-service/order-messaging/uml/InterfaceImplementSample.pu", "PlantUML", 0, 0, 0, 0, 5, 0, 0, 0, 0, 0, 0, 5
"/home/khumbucyber/_projects/food-ordering-system/order-service/order-messaging/uml/ListnerSequence.pu", "PlantUML", 0, 0, 0, 0, 8, 0, 0, 0, 0, 0, 3, 11
"/home/khumbucyber/_projects/food-ordering-system/order-service/order-messaging/uml/PublisherClass.pu", "PlantUML", 0, 0, 0, 0, 20, 0, 0, 0, 0, 0, 10, 30
"/home/khumbucyber/_projects/food-ordering-system/order-service/order-messaging/uml/PublisherSequence.pu", "PlantUML", 0, 0, 0, 0, 7, 0, 0, 0, 0, 0, 2, 9
"/home/khumbucyber/_projects/food-ordering-system/order-service/pom.xml", "XML", 0, 0, 26, 0, 0, 0, 0, 0, 0, 0, 3, 29
"/home/khumbucyber/_projects/food-ordering-system/pom.xml", "XML", 0, 0, 117, 0, 0, 0, 0, 0, 0, 0, 7, 124
"/home/khumbucyber/_projects/food-ordering-system/request/order.json", "JSON", 0, 0, 0, 0, 0, 0, 0, 0, 24, 0, 1, 25
"Total", "-", 7725, 36, 776, 184, 64, 312, 532, 3, 24, 1520, 1420, 12596